row_id_raw,row_id_clean,source_column,raw_value,true_clean_value,split
0,0,creation_date,"Jul 16th, 2020 8:29 am",2020-07-16 08:29:00,train
1,1,creation_date,"Jul 13th, 2020 1:29 pm",2020-07-13 13:29:00,test
2,2,creation_date,"Jul 2nd, 2020 10:03 am",2020-07-02 10:03:00,train
3,3,creation_date,"Jul 17th, 2020 7:23 am",2020-07-17 07:23:00,train
4,4,creation_date,"Jul 16th, 2020 1:36 pm",2020-07-16 13:36:00,test
5,5,creation_date,"Apr 7th, 2020 6:05 pm",2020-04-07 18:05:00,train
6,6,creation_date,"Jun 30th, 2020 4:48 pm",2020-06-30 16:48:00,train
7,7,creation_date,"Jun 30th, 2020 5:28 pm",2020-06-30 17:28:00,train
8,8,creation_date,"Jul 15th, 2020 11:02 am",2020-07-15 11:02:00,test
9,9,creation_date,"Jul 17th, 2020 8:06 am",2020-07-17 08:06:00,train
10,10,creation_date,"Jul 17th, 2020 7:39 am",2020-07-17 07:39:00,train
11,11,creation_date,"Jul 13th, 2020 11:49 am",2020-07-13 11:49:00,train
12,12,creation_date,"Jun 27th, 2020 8:39 pm",2020-06-27 20:39:00,train
13,13,creation_date,"Jun 23rd, 2020 11:28 pm",2020-06-23 23:28:00,test
14,14,creation_date,"Jul 15th, 2020 3:16 pm",2020-07-15 15:16:00,test
15,15,creation_date,"Jun 29th, 2020 10:42 pm",2020-06-29 22:42:00,train
16,16,creation_date,"Jul 15th, 2020 2:41 pm",2020-07-15 14:41:00,test
17,17,creation_date,"Jul 15th, 2020 10:02 pm",2020-07-15 22:02:00,test
18,18,creation_date,"Jul 16th, 2020 6:03 pm",2020-07-16 18:03:00,train
19,19,creation_date,"Jul 16th, 2020 8:04 pm",2020-07-16 20:04:00,test
20,20,creation_date,"Mar 2nd, 2020 10:17 am",2020-03-02 10:17:00,test
21,21,creation_date,"Jul 17th, 2020 7:53 am",2020-07-17 07:53:00,test
22,22,creation_date,"Jul 16th, 2020 8:01 pm",2020-07-16 20:01:00,train
26,26,creation_date,"Jun 22nd, 2020 6:13 pm",2020-06-22 18:13:00,train
27,27,creation_date,"Jul 15th, 2020 2:19 pm",2020-07-15 14:19:00,train
33,33,creation_date,"Jul 16th, 2020 9:44 pm",2020-07-16 21:44:00,train
34,34,creation_date,"Jun 27th, 2020 11:01 pm",2020-06-27 23:01:00,test
35,35,creation_date,"Jul 14th, 2020 12:45 pm",2020-07-14 12:45:00,train
36,36,creation_date,"Jul 9th, 2020 9:14 am",2020-07-09 09:14:00,train
37,37,creation_date,"Jul 14th, 2020 8:35 pm",2020-07-14 20:35:00,train
38,38,creation_date,"Jul 16th, 2020 11:55 pm",2020-07-16 23:55:00,train
39,39,creation_date,"Jul 16th, 2020 8:51 pm",2020-07-16 20:51:00,train
40,40,creation_date,"Jul 15th, 2020 6:03 am",2020-07-15 06:03:00,train
41,41,creation_date,"Jul 16th, 2020 5:29 pm",2020-07-16 17:29:00,train
42,42,creation_date,"Jul 17th, 2020 3:33 am",2020-07-17 03:33:00,test
43,43,creation_date,"Jul 17th, 2020 7:30 am",2020-07-17 07:30:00,test
44,44,creation_date,"Jul 16th, 2020 10:04 am",2020-07-16 10:04:00,train
45,45,creation_date,"Jul 16th, 2020 8:53 pm",2020-07-16 20:53:00,test
46,46,creation_date,"Jul 17th, 2020 3:15 am",2020-07-17 03:15:00,test
47,47,creation_date,"Jul 17th, 2020 7:35 am",2020-07-17 07:35:00,train
48,48,creation_date,"Jul 15th, 2020 8:37 pm",2020-07-15 20:37:00,test
49,49,creation_date,"Jul 12th, 2020 9:08 pm",2020-07-12 21:08:00,train
50,50,creation_date,"Jul 16th, 2020 9:27 am",2020-07-16 09:27:00,train
51,51,creation_date,"Jul 17th, 2020 4:40 am",2020-07-17 04:40:00,train
52,52,creation_date,"Jul 17th, 2020 2:35 am",2020-07-17 02:35:00,train
53,53,creation_date,"Jul 16th, 2020 2:07 pm",2020-07-16 14:07:00,train
54,54,creation_date,"Jul 4th, 2020 2:57 pm",2020-07-04 14:57:00,test
55,55,creation_date,"Jun 15th, 2020 10:47 am",2020-06-15 10:47:00,train
56,56,creation_date,"Jul 15th, 2020 10:10 am",2020-07-15 10:10:00,train
57,57,creation_date,"Jul 7th, 2020 1:21 pm",2020-07-07 13:21:00,train
60,60,creation_date,"Jul 17th, 2020 5:31 am",2020-07-17 05:31:00,test
61,61,creation_date,"Jul 17th, 2020 5:30 am",2020-07-17 05:30:00,train
62,62,creation_date,"Jul 16th, 2020 9:20 pm",2020-07-16 21:20:00,test
63,63,creation_date,"Jul 16th, 2020 8:35 am",2020-07-16 08:35:00,test
64,64,creation_date,"Jul 16th, 2020 3:49 pm",2020-07-16 15:49:00,train
65,65,creation_date,"Jul 15th, 2020 8:45 am",2020-07-15 08:45:00,train
66,66,creation_date,"Jul 15th, 2020 11:09 am",2020-07-15 11:09:00,train
67,67,creation_date,"Feb 29th, 2020 8:24 am",2020-02-29 08:24:00,test
68,68,creation_date,"Jul 15th, 2020 3:14 am",2020-07-15 03:14:00,train
69,69,creation_date,"Jul 16th, 2020 7:59 am",2020-07-16 07:59:00,train
70,70,creation_date,"Jul 16th, 2020 10:31 am",2020-07-16 10:31:00,train
71,71,creation_date,"Jul 4th, 2020 3:37 pm",2020-07-04 15:37:00,train
72,72,creation_date,"Jul 8th, 2020 9:26 pm",2020-07-08 21:26:00,train
73,73,creation_date,"Jul 8th, 2020 9:31 pm",2020-07-08 21:31:00,train
74,74,creation_date,"Jul 14th, 2020 11:00 am",2020-07-14 11:00:00,test
75,75,creation_date,"Jul 1st, 2020 12:55 am",2020-07-01 00:55:00,train
76,76,creation_date,"Jun 27th, 2020 9:18 pm",2020-06-27 21:18:00,train
77,77,creation_date,"Jul 4th, 2020 12:49 pm",2020-07-04 12:49:00,train
78,78,creation_date,"Jul 13th, 2020 11:52 pm",2020-07-13 23:52:00,train
79,79,creation_date,"Jul 16th, 2020 2:40 pm",2020-07-16 14:40:00,train
80,80,creation_date,"Jul 14th, 2020 7:48 pm",2020-07-14 19:48:00,train
81,81,creation_date,"Jul 15th, 2020 10:13 pm",2020-07-15 22:13:00,train
82,82,creation_date,"Jul 4th, 2020 8:18 am",2020-07-04 08:18:00,train
83,83,creation_date,"Aug 23rd, 2019 12:26 am",2019-08-23 00:26:00,train
84,84,creation_date,"Jul 15th, 2020 11:12 am",2020-07-15 11:12:00,train
85,85,creation_date,"Jul 9th, 2020 11:58 am",2020-07-09 11:58:00,train
86,86,creation_date,"Jul 16th, 2020 9:07 am",2020-07-16 09:07:00,train
91,91,creation_date,"Jul 16th, 2020 7:55 pm",2020-07-16 19:55:00,train
92,92,creation_date,"Jul 15th, 2020 8:08 pm",2020-07-15 20:08:00,train
93,93,creation_date,"Jul 16th, 2020 1:49 pm",2020-07-16 13:49:00,train
94,94,creation_date,"Jul 16th, 2020 9:48 pm",2020-07-16 21:48:00,train
95,95,creation_date,"Jul 14th, 2020 12:22 pm",2020-07-14 12:22:00,train
96,96,creation_date,"Jul 16th, 2020 8:54 pm",2020-07-16 20:54:00,train
97,97,creation_date,"Jul 7th, 2020 9:22 pm",2020-07-07 21:22:00,train
98,98,creation_date,"Jan 1st, 2020 8:32 pm",2020-01-01 20:32:00,train
99,99,creation_date,"Jul 16th, 2020 8:38 pm",2020-07-16 20:38:00,train
100,100,creation_date,"Jul 13th, 2020 1:49 pm",2020-07-13 13:49:00,train
101,101,creation_date,"Jul 15th, 2020 9:33 pm",2020-07-15 21:33:00,test
102,102,creation_date,"Jun 13th, 2020 4:26 pm",2020-06-13 16:26:00,train
103,103,creation_date,"Jul 9th, 2020 5:42 pm",2020-07-09 17:42:00,train
104,104,creation_date,"Jul 6th, 2020 3:46 am",2020-07-06 03:46:00,train
105,105,creation_date,"Jul 4th, 2020 12:26 pm",2020-07-04 12:26:00,test
106,106,creation_date,"Jul 13th, 2020 4:56 pm",2020-07-13 16:56:00,train
107,107,creation_date,"Jul 16th, 2020 1:29 pm",2020-07-16 13:29:00,train
108,108,creation_date,"Jul 16th, 2020 8:47 pm",2020-07-16 20:47:00,train
109,109,creation_date,"Jul 15th, 2020 10:25 am",2020-07-15 10:25:00,test
110,110,creation_date,"Jul 16th, 2020 11:20 am",2020-07-16 11:20:00,train
111,111,creation_date,"Jul 16th, 2020 10:18 pm",2020-07-16 22:18:00,train
112,112,creation_date,"Apr 23rd, 2020 1:01 pm",2020-04-23 13:01:00,test
113,113,creation_date,"Apr 16th, 2020 12:06 am",2020-04-16 00:06:00,train
114,114,creation_date,"Jul 9th, 2020 1:09 am",2020-07-09 01:09:00,train
115,115,creation_date,"Jul 15th, 2020 12:26 am",2020-07-15 00:26:00,train
116,116,creation_date,"Jul 14th, 2020 6:39 pm",2020-07-14 18:39:00,test
121,121,creation_date,"Jul 16th, 2020 2:46 pm",2020-07-16 14:46:00,test
122,122,creation_date,"Jun 29th, 2020 5:49 pm",2020-06-29 17:49:00,train
123,123,creation_date,"Jul 3rd, 2020 3:40 am",2020-07-03 03:40:00,test
124,124,creation_date,"Jul 16th, 2020 3:48 pm",2020-07-16 15:48:00,train
125,125,creation_date,"Jul 16th, 2020 8:50 pm",2020-07-16 20:50:00,train
126,126,creation_date,"Jul 13th, 2020 12:26 pm",2020-07-13 12:26:00,train
127,127,creation_date,"Jul 16th, 2020 8:10 pm",2020-07-16 20:10:00,train
128,128,creation_date,"Jul 14th, 2020 2:08 am",2020-07-14 02:08:00,train
129,129,creation_date,"Jun 29th, 2020 12:30 pm",2020-06-29 12:30:00,train
130,130,creation_date,"May 24th, 2020 10:16 am",2020-05-24 10:16:00,test
131,131,creation_date,"Jul 10th, 2020 1:13 pm",2020-07-10 13:13:00,train
132,132,creation_date,"Jul 16th, 2020 11:25 am",2020-07-16 11:25:00,train
133,133,creation_date,"Jul 14th, 2018 12:00 am",2018-07-14 00:00:00,train
134,134,creation_date,"Jul 16th, 2020 6:04 pm",2020-07-16 18:04:00,test
135,135,creation_date,"Jul 15th, 2020 6:48 pm",2020-07-15 18:48:00,train
136,136,creation_date,"Jul 16th, 2020 5:15 am",2020-07-16 05:15:00,train
137,137,creation_date,"Jul 15th, 2020 4:12 pm",2020-07-15 16:12:00,test
138,138,creation_date,"Jul 10th, 2020 5:10 pm",2020-07-10 17:10:00,train
139,139,creation_date,"Jul 16th, 2020 5:53 pm",2020-07-16 17:53:00,test
140,140,creation_date,"Jul 16th, 2020 7:19 pm",2020-07-16 19:19:00,test
141,141,creation_date,"Jan 1st, 2020 12:32 am",2020-01-01 00:32:00,train
142,142,creation_date,"Jul 16th, 2020 1:44 am",2020-07-16 01:44:00,test
143,143,creation_date,"Jun 5th, 2020 12:15 am",2020-06-05 00:15:00,train
144,144,creation_date,"Jul 15th, 2020 7:48 am",2020-07-15 07:48:00,train
145,145,creation_date,"Jul 16th, 2020 2:58 pm",2020-07-16 14:58:00,test
146,146,creation_date,"Jul 2nd, 2020 12:18 pm",2020-07-02 12:18:00,train
147,147,creation_date,"Jun 4th, 2020 1:51 am",2020-06-04 01:51:00,train
148,148,creation_date,"Jul 3rd, 2020 12:21 pm",2020-07-03 12:21:00,test
149,149,creation_date,"Jun 9th, 2020 4:12 pm",2020-06-09 16:12:00,train
150,150,creation_date,"Jul 9th, 2020 2:47 pm",2020-07-09 14:47:00,train
151,151,creation_date,"Jul 13th, 2020 12:31 am",2020-07-13 00:31:00,train
152,152,creation_date,"Jul 16th, 2020 8:34 am",2020-07-16 08:34:00,test
153,153,creation_date,"Jul 8th, 2020 12:58 pm",2020-07-08 12:58:00,train
154,154,creation_date,"May 11th, 2020 2:38 pm",2020-05-11 14:38:00,train
155,155,creation_date,"Jul 16th, 2020 5:10 pm",2020-07-16 17:10:00,train
156,156,creation_date,"Jul 6th, 2020 6:55 pm",2020-07-06 18:55:00,train
157,157,creation_date,"Jul 8th, 2020 6:17 pm",2020-07-08 18:17:00,train
158,158,creation_date,"Jul 16th, 2020 1:02 pm",2020-07-16 13:02:00,train
159,159,creation_date,"Jul 16th, 2020 11:56 am",2020-07-16 11:56:00,train
160,160,creation_date,"Jun 26th, 2020 3:54 pm",2020-06-26 15:54:00,test
161,161,creation_date,"Jul 16th, 2020 1:54 pm",2020-07-16 13:54:00,test
162,162,creation_date,"May 22nd, 2020 8:37 pm",2020-05-22 20:37:00,train
163,163,creation_date,"Jul 6th, 2020 9:17 am",2020-07-06 09:17:00,train
164,164,creation_date,"Jul 14th, 2020 1:53 pm",2020-07-14 13:53:00,test
165,165,creation_date,"Jul 5th, 2020 1:12 am",2020-07-05 01:12:00,train
166,166,creation_date,"Jun 15th, 2020 8:49 am",2020-06-15 08:49:00,train
167,167,creation_date,"Jun 27th, 2020 3:31 pm",2020-06-27 15:31:00,test
168,168,creation_date,"Jul 6th, 2020 10:28 pm",2020-07-06 22:28:00,test
169,169,creation_date,"Jul 8th, 2020 2:38 pm",2020-07-08 14:38:00,test
170,170,creation_date,"Jun 13th, 2020 3:16 pm",2020-06-13 15:16:00,test
171,171,creation_date,"Jun 15th, 2020 1:54 pm",2020-06-15 13:54:00,train
172,172,creation_date,"Jul 10th, 2020 9:25 pm",2020-07-10 21:25:00,test
173,173,creation_date,"Jul 16th, 2020 4:38 pm",2020-07-16 16:38:00,train
174,174,creation_date,"Jul 16th, 2020 4:56 pm",2020-07-16 16:56:00,train
175,175,creation_date,"Jul 13th, 2020 6:44 pm",2020-07-13 18:44:00,test
176,176,creation_date,"Jul 13th, 2020 2:14 pm",2020-07-13 14:14:00,train
177,177,creation_date,"Jul 2nd, 2020 10:03 am",2020-07-02 10:03:00,train
180,180,creation_date,"Jul 15th, 2020 2:54 pm",2020-07-15 14:54:00,test
181,181,creation_date,"Jul 16th, 2020 12:36 am",2020-07-16 00:36:00,test
182,182,creation_date,"Jun 30th, 2020 2:37 pm",2020-06-30 14:37:00,train
183,183,creation_date,"May 25th, 2020 2:34 pm",2020-05-25 14:34:00,train
184,184,creation_date,"Jul 16th, 2020 4:01 pm",2020-07-16 16:01:00,train
185,185,creation_date,"Jul 6th, 2020 12:49 pm",2020-07-06 12:49:00,train
186,186,creation_date,"Jul 3rd, 2020 11:58 am",2020-07-03 11:58:00,test
187,187,creation_date,"Jul 13th, 2020 3:44 pm",2020-07-13 15:44:00,train
188,188,creation_date,"May 22nd, 2020 2:53 pm",2020-05-22 14:53:00,train
189,189,creation_date,"Jul 13th, 2020 6:25 pm",2020-07-13 18:25:00,train
190,190,creation_date,"Jul 16th, 2020 2:41 pm",2020-07-16 14:41:00,train
191,191,creation_date,"Jul 12th, 2020 9:06 am",2020-07-12 09:06:00,train
192,192,creation_date,"Jul 16th, 2020 11:39 am",2020-07-16 11:39:00,train
193,193,creation_date,"Jul 13th, 2020 9:07 pm",2020-07-13 21:07:00,train
194,194,creation_date,"Jul 14th, 2020 8:11 am",2020-07-14 08:11:00,train
195,195,creation_date,"Jul 13th, 2020 7:53 am",2020-07-13 07:53:00,test
196,196,creation_date,"Jul 16th, 2020 10:49 am",2020-07-16 10:49:00,train
197,197,creation_date,"Mar 19th, 2020 1:21 pm",2020-03-19 13:21:00,train
198,198,creation_date,"Feb 11th, 2020 1:48 pm",2020-02-11 13:48:00,train
199,199,creation_date,"Jul 15th, 2020 8:25 am",2020-07-15 08:25:00,train
200,200,creation_date,"Jul 15th, 2020 11:09 am",2020-07-15 11:09:00,test
201,201,creation_date,"Jul 13th, 2020 6:25 pm",2020-07-13 18:25:00,train
202,202,creation_date,"Jul 2nd, 2020 3:47 pm",2020-07-02 15:47:00,train
203,203,creation_date,"Jul 10th, 2020 3:43 pm",2020-07-10 15:43:00,train
204,204,creation_date,"Jul 11th, 2020 3:54 pm",2020-07-11 15:54:00,train
205,205,creation_date,"Jul 15th, 2020 9:39 am",2020-07-15 09:39:00,train
206,206,creation_date,"May 28th, 2020 7:39 pm",2020-05-28 19:39:00,test
207,207,creation_date,"Jul 11th, 2020 5:09 pm",2020-07-11 17:09:00,test
210,210,creation_date,"Jul 16th, 2020 11:28 am",2020-07-16 11:28:00,train
211,211,creation_date,"Jul 10th, 2020 5:15 pm",2020-07-10 17:15:00,test
212,212,creation_date,"Jul 5th, 2020 7:21 pm",2020-07-05 19:21:00,test
213,213,creation_date,"Jul 16th, 2020 1:15 pm",2020-07-16 13:15:00,train
214,214,creation_date,"Jul 16th, 2020 12:40 am",2020-07-16 00:40:00,train
215,215,creation_date,"Jul 16th, 2020 12:03 pm",2020-07-16 12:03:00,train
216,216,creation_date,"Jul 7th, 2020 3:14 pm",2020-07-07 15:14:00,train
217,217,creation_date,"Jun 25th, 2020 8:14 am",2020-06-25 08:14:00,test
218,218,creation_date,"Jul 14th, 2020 7:13 pm",2020-07-14 19:13:00,train
219,219,creation_date,"Jul 16th, 2020 11:53 am",2020-07-16 11:53:00,test
220,220,creation_date,"Jul 9th, 2020 12:53 pm",2020-07-09 12:53:00,train
221,221,creation_date,"Jun 24th, 2020 7:00 pm",2020-06-24 19:00:00,train
222,222,creation_date,"May 28th, 2020 7:54 am",2020-05-28 07:54:00,test
223,223,creation_date,"Apr 21st, 2020 3:08 pm",2020-04-21 15:08:00,test
224,224,creation_date,"Jul 15th, 2020 11:09 am",2020-07-15 11:09:00,test
225,225,creation_date,"Jul 14th, 2020 3:46 pm",2020-07-14 15:46:00,train
226,226,creation_date,"Apr 22nd, 2020 3:38 pm",2020-04-22 15:38:00,train
227,227,creation_date,"May 29th, 2020 11:19 am",2020-05-29 11:19:00,test
228,228,creation_date,"Jul 15th, 2020 10:21 pm",2020-07-15 22:21:00,test
229,229,creation_date,"Jul 14th, 2020 9:47 am",2020-07-14 09:47:00,test
230,230,creation_date,"Jul 16th, 2020 9:52 am",2020-07-16 09:52:00,train
231,231,creation_date,"Apr 24th, 2020 4:30 pm",2020-04-24 16:30:00,train
232,232,creation_date,"Jun 19th, 2020 2:35 am",2020-06-19 02:35:00,train
233,233,creation_date,"Jul 16th, 2020 8:46 am",2020-07-16 08:46:00,train
234,234,creation_date,"Jul 8th, 2020 7:42 am",2020-07-08 07:42:00,train
235,235,creation_date,"Jul 16th, 2020 8:03 am",2020-07-16 08:03:00,train
236,236,creation_date,"Jul 13th, 2020 9:32 am",2020-07-13 09:32:00,train
237,237,creation_date,"Jul 16th, 2020 9:37 am",2020-07-16 09:37:00,train
240,240,creation_date,"Jul 14th, 2020 4:07 pm",2020-07-14 16:07:00,test
241,241,creation_date,"Jul 7th, 2020 9:15 pm",2020-07-07 21:15:00,train
242,242,creation_date,"Jul 6th, 2020 8:47 am",2020-07-06 08:47:00,train
243,243,creation_date,"Jul 15th, 2020 3:56 pm",2020-07-15 15:56:00,test
244,244,creation_date,"Jul 9th, 2020 10:27 pm",2020-07-09 22:27:00,train
245,245,creation_date,"Jul 16th, 2020 12:43 am",2020-07-16 00:43:00,train
246,246,creation_date,"May 1st, 2020 11:34 pm",2020-05-01 23:34:00,train
247,247,creation_date,"Jul 15th, 2020 10:27 pm",2020-07-15 22:27:00,train
248,248,creation_date,"Jul 15th, 2020 11:24 pm",2020-07-15 23:24:00,train
249,249,creation_date,"Jul 15th, 2020 1:11 pm",2020-07-15 13:11:00,test
250,250,creation_date,"Jul 5th, 2020 10:20 pm",2020-07-05 22:20:00,train
251,251,creation_date,"Jul 16th, 2020 8:04 am",2020-07-16 08:04:00,train
252,252,creation_date,"Jun 6th, 2020 6:56 pm",2020-06-06 18:56:00,train
253,253,creation_date,"Jul 15th, 2020 10:13 am",2020-07-15 10:13:00,test
254,254,creation_date,"Jul 11th, 2020 10:11 pm",2020-07-11 22:11:00,test
255,255,creation_date,"Jul 15th, 2020 5:36 pm",2020-07-15 17:36:00,train
256,256,creation_date,"Jul 14th, 2020 1:01 pm",2020-07-14 13:01:00,train
257,257,creation_date,"May 31st, 2020 7:29 pm",2020-05-31 19:29:00,train
258,258,creation_date,"Jul 14th, 2020 12:07 pm",2020-07-14 12:07:00,train
259,259,creation_date,"Jul 15th, 2020 11:16 am",2020-07-15 11:16:00,train
260,260,creation_date,"Jul 14th, 2020 2:32 pm",2020-07-14 14:32:00,train
261,261,creation_date,"Jul 12th, 2020 2:22 pm",2020-07-12 14:22:00,train
262,262,creation_date,"Jul 15th, 2020 10:32 am",2020-07-15 10:32:00,train
263,263,creation_date,"Jun 29th, 2020 2:30 pm",2020-06-29 14:30:00,train
264,264,creation_date,"Jul 15th, 2020 8:07 pm",2020-07-15 20:07:00,train
265,265,creation_date,"Mar 28th, 2020 8:34 am",2020-03-28 08:34:00,test
266,266,creation_date,"Jul 16th, 2020 12:09 am",2020-07-16 00:09:00,train
267,267,creation_date,"Jul 16th, 2020 12:59 am",2020-07-16 00:59:00,train
268,268,creation_date,"Jul 12th, 2020 6:49 pm",2020-07-12 18:49:00,train
269,269,creation_date,"Jul 16th, 2020 12:00 am",2020-07-16 00:00:00,test
270,270,creation_date,"Jun 13th, 2020 9:50 pm",2020-06-13 21:50:00,test
271,271,creation_date,"Jul 15th, 2020 11:38 pm",2020-07-15 23:38:00,train
272,272,creation_date,"Jul 12th, 2020 12:34 pm",2020-07-12 12:34:00,train
273,273,creation_date,"Jun 30th, 2020 1:26 pm",2020-06-30 13:26:00,train
274,274,creation_date,"Jul 15th, 2020 11:32 am",2020-07-15 11:32:00,train
275,275,creation_date,"Jul 14th, 2020 4:07 pm",2020-07-14 16:07:00,train
276,276,creation_date,"Jul 14th, 2020 10:58 pm",2020-07-14 22:58:00,test
277,277,creation_date,"Jul 15th, 2020 10:57 am",2020-07-15 10:57:00,test
278,278,creation_date,"Jul 12th, 2020 2:39 am",2020-07-12 02:39:00,train
279,279,creation_date,"Jul 8th, 2020 4:48 pm",2020-07-08 16:48:00,test
280,280,creation_date,"Jul 15th, 2020 12:05 am",2020-07-15 00:05:00,train
281,281,creation_date,"Jun 13th, 2020 2:17 pm",2020-06-13 14:17:00,train
282,282,creation_date,"Jul 15th, 2020 4:10 pm",2020-07-15 16:10:00,train
283,283,creation_date,"Jul 14th, 2020 5:19 pm",2020-07-14 17:19:00,train
284,284,creation_date,"Jun 6th, 2020 9:17 am",2020-06-06 09:17:00,train
285,285,creation_date,"Jul 7th, 2020 3:44 pm",2020-07-07 15:44:00,train
286,286,creation_date,"Jul 15th, 2020 8:39 pm",2020-07-15 20:39:00,test
287,287,creation_date,"Jul 14th, 2020 11:10 am",2020-07-14 11:10:00,test
288,288,creation_date,"Jul 11th, 2020 7:28 am",2020-07-11 07:28:00,train
289,289,creation_date,"Jul 15th, 2020 11:13 am",2020-07-15 11:13:00,train
290,290,creation_date,"Jul 15th, 2020 3:56 pm",2020-07-15 15:56:00,train
291,291,creation_date,"Jul 11th, 2020 8:32 am",2020-07-11 08:32:00,train
292,292,creation_date,"Jul 15th, 2020 2:36 pm",2020-07-15 14:36:00,test
293,293,creation_date,"Jul 14th, 2020 10:04 pm",2020-07-14 22:04:00,test
294,294,creation_date,"Jun 5th, 2020 1:34 pm",2020-06-05 13:34:00,train
295,295,creation_date,"Jul 15th, 2020 12:52 pm",2020-07-15 12:52:00,train
296,296,creation_date,"Jul 13th, 2020 4:47 pm",2020-07-13 16:47:00,train
297,297,creation_date,"Jul 15th, 2020 1:29 am",2020-07-15 01:29:00,train
298,298,creation_date,"Jul 14th, 2020 2:25 pm",2020-07-14 14:25:00,train
299,299,creation_date,"Jul 14th, 2020 4:52 pm",2020-07-14 16:52:00,train
300,300,creation_date,"Jul 13th, 2020 9:13 am",2020-07-13 09:13:00,test
301,301,creation_date,"Jul 15th, 2020 9:58 am",2020-07-15 09:58:00,train
302,302,creation_date,"Jul 15th, 2020 2:08 pm",2020-07-15 14:08:00,train
303,303,creation_date,"Jul 11th, 2020 10:49 pm",2020-07-11 22:49:00,test
304,304,creation_date,"Jul 13th, 2020 1:18 pm",2020-07-13 13:18:00,train
305,305,creation_date,"Jul 15th, 2020 11:35 am",2020-07-15 11:35:00,train
306,306,creation_date,"Jul 10th, 2020 10:36 pm",2020-07-10 22:36:00,train
307,307,creation_date,"Jul 15th, 2020 2:07 pm",2020-07-15 14:07:00,test
308,308,creation_date,"Jul 15th, 2020 2:12 pm",2020-07-15 14:12:00,train
309,309,creation_date,"Jul 12th, 2020 5:24 pm",2020-07-12 17:24:00,train
310,310,creation_date,"Jul 15th, 2020 11:33 am",2020-07-15 11:33:00,train
311,311,creation_date,"Jul 13th, 2020 12:49 pm",2020-07-13 12:49:00,test
312,312,creation_date,"Jul 14th, 2020 11:55 am",2020-07-14 11:55:00,test
313,313,creation_date,"Jul 12th, 2020 12:13 pm",2020-07-12 12:13:00,train
314,314,creation_date,"Jul 15th, 2020 12:38 pm",2020-07-15 12:38:00,train
315,315,creation_date,"May 12th, 2020 11:03 pm",2020-05-12 23:03:00,train
316,316,creation_date,"Jul 10th, 2020 8:38 am",2020-07-10 08:38:00,train
317,317,creation_date,"Jul 14th, 2020 3:59 pm",2020-07-14 15:59:00,test
318,318,creation_date,"Jun 12th, 2020 12:22 pm",2020-06-12 12:22:00,train
319,319,creation_date,"Jul 15th, 2020 11:22 am",2020-07-15 11:22:00,test
320,320,creation_date,"Jul 15th, 2020 11:06 am",2020-07-15 11:06:00,train
321,321,creation_date,"Jul 8th, 2020 4:32 pm",2020-07-08 16:32:00,train
322,322,creation_date,"Jul 15th, 2020 8:18 am",2020-07-15 08:18:00,train
323,323,creation_date,"Jul 2nd, 2020 7:50 pm",2020-07-02 19:50:00,train
324,324,creation_date,"Jun 3rd, 2020 7:00 pm",2020-06-03 19:00:00,train
325,325,creation_date,"Jun 26th, 2020 12:52 am",2020-06-26 00:52:00,test
326,326,creation_date,"Jul 15th, 2020 9:09 am",2020-07-15 09:09:00,train
327,327,creation_date,"Jul 12th, 2020 7:09 pm",2020-07-12 19:09:00,train
329,328,creation_date,"Jul 4th, 2020 9:04 am",2020-07-04 09:04:00,test
330,329,creation_date,"May 23rd, 2020 7:43 pm",2020-05-23 19:43:00,train
331,330,creation_date,"Jul 8th, 2020 10:08 am",2020-07-08 10:08:00,train
332,331,creation_date,"Jul 14th, 2020 10:21 am",2020-07-14 10:21:00,train
333,332,creation_date,"Jul 1st, 2020 12:26 am",2020-07-01 00:26:00,train
334,333,creation_date,"Jul 11th, 2020 11:26 pm",2020-07-11 23:26:00,train
335,334,creation_date,"May 7th, 2020 11:52 am",2020-05-07 11:52:00,train
336,335,creation_date,"May 26th, 2020 6:58 pm",2020-05-26 18:58:00,train
337,336,creation_date,"Jul 6th, 2020 10:59 pm",2020-07-06 22:59:00,train
338,337,creation_date,"Jul 10th, 2020 11:03 am",2020-07-10 11:03:00,test
339,338,creation_date,"Jul 14th, 2020 11:03 pm",2020-07-14 23:03:00,train
340,339,creation_date,"Jul 14th, 2020 8:17 pm",2020-07-14 20:17:00,test
341,340,creation_date,"Jul 8th, 2020 7:31 pm",2020-07-08 19:31:00,train
342,341,creation_date,"Jun 17th, 2020 3:09 pm",2020-06-17 15:09:00,test
343,342,creation_date,"Jul 3rd, 2020 8:04 pm",2020-07-03 20:04:00,train
344,343,creation_date,"Jul 9th, 2020 10:55 am",2020-07-09 10:55:00,train
345,344,creation_date,"Jun 28th, 2020 9:04 pm",2020-06-28 21:04:00,test
346,345,creation_date,"Jul 12th, 2020 8:28 pm",2020-07-12 20:28:00,train
347,346,creation_date,"Jul 8th, 2020 10:36 am",2020-07-08 10:36:00,test
348,347,creation_date,"Jul 12th, 2020 4:19 am",2020-07-12 04:19:00,train
349,348,creation_date,"Jun 1st, 2020 10:25 am",2020-06-01 10:25:00,train
350,349,creation_date,"Jul 13th, 2020 11:13 am",2020-07-13 11:13:00,train
351,350,creation_date,"Jul 14th, 2020 9:41 pm",2020-07-14 21:41:00,train
352,351,creation_date,"May 20th, 2020 7:03 pm",2020-05-20 19:03:00,train
353,352,creation_date,"Jul 10th, 2020 6:47 pm",2020-07-10 18:47:00,train
354,353,creation_date,"Jul 14th, 2020 12:25 am",2020-07-14 00:25:00,train
355,354,creation_date,"Jul 8th, 2020 9:50 pm",2020-07-08 21:50:00,test
356,355,creation_date,"Jul 13th, 2020 6:18 am",2020-07-13 06:18:00,train
357,356,creation_date,"Jul 11th, 2020 12:20 am",2020-07-11 00:20:00,train
358,357,creation_date,"Jul 5th, 2020 12:30 am",2020-07-05 00:30:00,train
359,358,creation_date,"Jun 21st, 2020 1:18 am",2020-06-21 01:18:00,train
360,359,creation_date,"Jul 13th, 2020 8:47 am",2020-07-13 08:47:00,train
361,360,creation_date,"Jul 14th, 2020 8:00 pm",2020-07-14 20:00:00,train
362,361,creation_date,"Jun 12th, 2020 1:30 pm",2020-06-12 13:30:00,test
363,362,creation_date,"Jul 14th, 2020 2:03 pm",2020-07-14 14:03:00,train
364,363,creation_date,"Jul 7th, 2020 10:12 pm",2020-07-07 22:12:00,train
365,364,creation_date,"Jul 2nd, 2020 12:21 am",2020-07-02 00:21:00,train
366,365,creation_date,"Jul 14th, 2020 12:27 pm",2020-07-14 12:27:00,test
367,366,creation_date,"Jul 14th, 2020 6:39 pm",2020-07-14 18:39:00,train
368,367,creation_date,"Jul 4th, 2020 2:35 pm",2020-07-04 14:35:00,test
369,368,creation_date,"Jul 14th, 2020 12:10 pm",2020-07-14 12:10:00,train
370,369,creation_date,"May 25th, 2020 2:37 pm",2020-05-25 14:37:00,test
371,370,creation_date,"Jul 7th, 2020 10:38 am",2020-07-07 10:38:00,train
372,371,creation_date,"Jul 13th, 2020 2:34 pm",2020-07-13 14:34:00,train
373,372,creation_date,"Jul 13th, 2020 1:26 pm",2020-07-13 13:26:00,train
374,373,creation_date,"Jul 14th, 2020 12:25 pm",2020-07-14 12:25:00,test
375,374,creation_date,"Jul 1st, 2020 10:52 am",2020-07-01 10:52:00,train
376,375,creation_date,"Jul 6th, 2020 7:12 pm",2020-07-06 19:12:00,train
377,376,creation_date,"Jul 14th, 2020 3:54 pm",2020-07-14 15:54:00,train
378,377,creation_date,"Jun 30th, 2020 8:25 am",2020-06-30 08:25:00,test
379,378,creation_date,"Jul 13th, 2020 7:54 pm",2020-07-13 19:54:00,train
380,379,creation_date,"Jul 13th, 2020 2:15 pm",2020-07-13 14:15:00,train
381,380,creation_date,"Jun 15th, 2020 12:52 pm",2020-06-15 12:52:00,train
382,381,creation_date,"Jun 17th, 2020 11:42 am",2020-06-17 11:42:00,train
383,382,creation_date,"Jul 8th, 2020 11:25 am",2020-07-08 11:25:00,train
384,383,creation_date,"Jul 13th, 2020 10:23 am",2020-07-13 10:23:00,train
385,384,creation_date,"Jul 10th, 2020 5:11 pm",2020-07-10 17:11:00,train
386,385,creation_date,"Jul 10th, 2020 7:06 pm",2020-07-10 19:06:00,train
387,386,creation_date,"Jul 1st, 2020 12:22 pm",2020-07-01 12:22:00,train
388,387,creation_date,"Jul 13th, 2020 11:41 pm",2020-07-13 23:41:00,train
389,388,creation_date,"Jul 14th, 2020 12:50 pm",2020-07-14 12:50:00,train
390,389,creation_date,"Jul 14th, 2020 7:33 am",2020-07-14 07:33:00,train
391,390,creation_date,"Jul 13th, 2020 12:24 pm",2020-07-13 12:24:00,train
392,391,creation_date,"Jul 14th, 2020 11:37 am",2020-07-14 11:37:00,train
393,392,creation_date,"Jul 14th, 2020 11:43 am",2020-07-14 11:43:00,train
394,393,creation_date,"Jul 13th, 2020 1:19 pm",2020-07-13 13:19:00,test
395,394,creation_date,"Jul 6th, 2020 9:29 pm",2020-07-06 21:29:00,train
396,395,creation_date,"Jul 12th, 2020 4:02 pm",2020-07-12 16:02:00,train
397,396,creation_date,"May 23rd, 2020 9:14 am",2020-05-23 09:14:00,train
398,397,creation_date,"Jun 18th, 2020 3:20 pm",2020-06-18 15:20:00,train
399,398,creation_date,"Jul 8th, 2020 1:31 pm",2020-07-08 13:31:00,train
400,399,creation_date,"Jul 14th, 2020 7:07 am",2020-07-14 07:07:00,train
401,400,creation_date,"Jul 13th, 2020 9:25 am",2020-07-13 09:25:00,train
402,401,creation_date,"Jul 13th, 2020 9:03 pm",2020-07-13 21:03:00,train
403,402,creation_date,"Jul 8th, 2020 11:28 pm",2020-07-08 23:28:00,test
404,403,creation_date,"Jun 27th, 2020 8:21 pm",2020-06-27 20:21:00,test
405,404,creation_date,"Jul 14th, 2020 8:38 am",2020-07-14 08:38:00,train
406,405,creation_date,"Mar 15th, 2020 11:53 am",2020-03-15 11:53:00,train
407,406,creation_date,"Jul 9th, 2020 11:51 am",2020-07-09 11:51:00,train
408,407,creation_date,"Jul 14th, 2020 12:46 am",2020-07-14 00:46:00,train
409,408,creation_date,"May 17th, 2020 12:40 pm",2020-05-17 12:40:00,test
410,409,creation_date,"Jul 14th, 2020 1:10 am",2020-07-14 01:10:00,test
411,410,creation_date,"Jul 14th, 2020 1:40 am",2020-07-14 01:40:00,train
412,411,creation_date,"Jul 12th, 2020 9:45 am",2020-07-12 09:45:00,test
413,412,creation_date,"Jul 13th, 2020 3:57 pm",2020-07-13 15:57:00,train
414,413,creation_date,"Jul 10th, 2020 5:12 pm",2020-07-10 17:12:00,train
415,414,creation_date,"May 21st, 2020 7:13 pm",2020-05-21 19:13:00,train
416,415,creation_date,"Jun 4th, 2020 3:44 am",2020-06-04 03:44:00,test
417,416,creation_date,"Jul 13th, 2020 4:12 pm",2020-07-13 16:12:00,test
420,419,creation_date,"Jul 6th, 2020 9:56 am",2020-07-06 09:56:00,train
421,420,creation_date,"Jul 13th, 2020 8:59 pm",2020-07-13 20:59:00,train
422,421,creation_date,"Jul 12th, 2020 11:02 pm",2020-07-12 23:02:00,train
423,422,creation_date,"Jun 5th, 2020 11:24 pm",2020-06-05 23:24:00,train
424,423,creation_date,"Mar 27th, 2020 3:03 pm",2020-03-27 15:03:00,test
425,424,creation_date,"Jul 13th, 2020 8:25 pm",2020-07-13 20:25:00,train
426,425,creation_date,"Jul 11th, 2020 10:37 pm",2020-07-11 22:37:00,test
427,426,creation_date,"Jul 13th, 2020 2:54 pm",2020-07-13 14:54:00,test
428,427,creation_date,"Jul 13th, 2020 5:16 pm",2020-07-13 17:16:00,test
429,428,creation_date,"Jul 13th, 2020 4:58 am",2020-07-13 04:58:00,test
430,429,creation_date,"Jul 13th, 2020 5:02 pm",2020-07-13 17:02:00,test
431,430,creation_date,"Jul 12th, 2020 9:46 pm",2020-07-12 21:46:00,train
432,431,creation_date,"Jul 13th, 2020 3:04 pm",2020-07-13 15:04:00,train
433,432,creation_date,"Jul 13th, 2020 12:24 pm",2020-07-13 12:24:00,test
434,433,creation_date,"Jun 25th, 2020 12:51 am",2020-06-25 00:51:00,test
435,434,creation_date,"Jun 5th, 2020 9:33 am",2020-06-05 09:33:00,train
436,435,creation_date,"Jul 13th, 2020 5:43 pm",2020-07-13 17:43:00,train
437,436,creation_date,"Jul 13th, 2020 4:18 pm",2020-07-13 16:18:00,train
438,437,creation_date,"Jul 12th, 2020 9:16 pm",2020-07-12 21:16:00,train
439,438,creation_date,"Jul 8th, 2020 4:51 am",2020-07-08 04:51:00,train
440,439,creation_date,"Jul 13th, 2020 12:06 pm",2020-07-13 12:06:00,train
441,440,creation_date,"Jul 13th, 2020 1:39 pm",2020-07-13 13:39:00,train
442,441,creation_date,"May 18th, 2020 9:56 pm",2020-05-18 21:56:00,train
443,442,creation_date,"Jul 13th, 2020 11:10 am",2020-07-13 11:10:00,train
444,443,creation_date,"Jul 13th, 2020 5:03 pm",2020-07-13 17:03:00,train
445,444,creation_date,"Jul 13th, 2020 2:39 pm",2020-07-13 14:39:00,test
446,445,creation_date,"Jul 13th, 2020 11:35 am",2020-07-13 11:35:00,train
447,446,creation_date,"Jun 12th, 2020 12:49 pm",2020-06-12 12:49:00,train
448,447,creation_date,"Jul 13th, 2020 12:24 pm",2020-07-13 12:24:00,train
449,448,creation_date,"Jul 7th, 2020 4:12 am",2020-07-07 04:12:00,train
450,449,creation_date,"Jul 12th, 2020 10:39 pm",2020-07-12 22:39:00,train
451,450,creation_date,"May 20th, 2020 11:40 am",2020-05-20 11:40:00,train
452,451,creation_date,"Jul 9th, 2020 7:06 pm",2020-07-09 19:06:00,train
453,452,creation_date,"Jul 13th, 2020 7:30 am",2020-07-13 07:30:00,train
454,453,creation_date,"Jul 8th, 2020 5:39 pm",2020-07-08 17:39:00,train
455,454,creation_date,"Jun 30th, 2020 12:37 pm",2020-06-30 12:37:00,train
456,455,creation_date,"Jul 13th, 2020 7:38 am",2020-07-13 07:38:00,train
457,456,creation_date,"Jul 10th, 2020 11:46 am",2020-07-10 11:46:00,train
458,457,creation_date,"Jun 26th, 2020 10:54 am",2020-06-26 10:54:00,train
459,458,creation_date,"Jul 8th, 2020 5:53 pm",2020-07-08 17:53:00,train
460,459,creation_date,"Jul 11th, 2020 8:38 pm",2020-07-11 20:38:00,train
461,460,creation_date,"Jul 13th, 2020 11:58 am",2020-07-13 11:58:00,train
462,461,creation_date,"Jul 13th, 2020 10:44 am",2020-07-13 10:44:00,train
463,462,creation_date,"Jul 12th, 2020 10:30 pm",2020-07-12 22:30:00,train
464,463,creation_date,"Jul 11th, 2020 1:03 pm",2020-07-11 13:03:00,test
465,464,creation_date,"Jul 13th, 2020 11:15 am",2020-07-13 11:15:00,train
466,465,creation_date,"Jul 13th, 2020 9:39 am",2020-07-13 09:39:00,train
467,466,creation_date,"May 21st, 2020 9:15 am",2020-05-21 09:15:00,train
468,467,creation_date,"Jun 22nd, 2020 8:33 pm",2020-06-22 20:33:00,test
469,468,creation_date,"Jul 11th, 2020 3:40 pm",2020-07-11 15:40:00,train
470,469,creation_date,"Jul 13th, 2020 8:53 am",2020-07-13 08:53:00,test
471,470,creation_date,"Jul 12th, 2020 10:59 pm",2020-07-12 22:59:00,train
472,471,creation_date,"Jun 30th, 2020 7:53 pm",2020-06-30 19:53:00,train
473,472,creation_date,"Jul 11th, 2020 3:43 am",2020-07-11 03:43:00,train
474,473,creation_date,"Jul 10th, 2020 1:54 pm",2020-07-10 13:54:00,train
475,474,creation_date,"May 15th, 2020 8:06 am",2020-05-15 08:06:00,train
476,475,creation_date,"Jul 12th, 2020 6:02 pm",2020-07-12 18:02:00,train
477,476,creation_date,"Jul 2nd, 2020 2:18 pm",2020-07-02 14:18:00,train
478,477,creation_date,"Jul 11th, 2020 10:31 am",2020-07-11 10:31:00,train
479,478,creation_date,"Jul 12th, 2020 9:43 am",2020-07-12 09:43:00,test
480,479,creation_date,"Jul 12th, 2020 8:09 pm",2020-07-12 20:09:00,train
481,480,creation_date,"Jul 11th, 2020 10:00 am",2020-07-11 10:00:00,train
482,481,creation_date,"Jun 17th, 2020 3:12 pm",2020-06-17 15:12:00,test
483,482,creation_date,"Jul 6th, 2020 5:48 pm",2020-07-06 17:48:00,train
484,483,creation_date,"Jun 6th, 2020 9:53 pm",2020-06-06 21:53:00,train
485,484,creation_date,"Jul 12th, 2020 11:09 pm",2020-07-12 23:09:00,train
486,485,creation_date,"Jul 12th, 2020 11:01 pm",2020-07-12 23:01:00,test
487,486,creation_date,"Jul 10th, 2020 2:42 am",2020-07-10 02:42:00,train
488,487,creation_date,"Jun 25th, 2020 11:18 pm",2020-06-25 23:18:00,train
489,488,creation_date,"Jul 10th, 2020 5:57 pm",2020-07-10 17:57:00,train
490,489,creation_date,"Jun 3rd, 2020 10:55 pm",2020-06-03 22:55:00,test
491,490,creation_date,"Jul 11th, 2020 10:32 am",2020-07-11 10:32:00,train
492,491,creation_date,"Jul 12th, 2020 8:20 pm",2020-07-12 20:20:00,train
493,492,creation_date,"Jul 12th, 2020 8:04 pm",2020-07-12 20:04:00,test
494,493,creation_date,"Jul 7th, 2020 4:03 pm",2020-07-07 16:03:00,train
495,494,creation_date,"Jul 12th, 2020 6:12 pm",2020-07-12 18:12:00,train
496,495,creation_date,"Jul 11th, 2020 9:37 pm",2020-07-11 21:37:00,test
497,496,creation_date,"Jul 12th, 2020 8:11 am",2020-07-12 08:11:00,test
498,497,creation_date,"Jul 1st, 2020 3:40 pm",2020-07-01 15:40:00,train
499,498,creation_date,"Jul 3rd, 2020 5:21 pm",2020-07-03 17:21:00,test
500,499,creation_date,"Jul 10th, 2020 10:39 am",2020-07-10 10:39:00,test
501,500,creation_date,"Jun 30th, 2020 4:22 pm",2020-06-30 16:22:00,test
502,501,creation_date,"Jul 12th, 2020 4:10 pm",2020-07-12 16:10:00,train
503,502,creation_date,"Jun 9th, 2020 1:30 pm",2020-06-09 13:30:00,test
504,503,creation_date,"Jul 7th, 2020 11:13 am",2020-07-07 11:13:00,train
505,504,creation_date,"Jul 7th, 2020 2:16 am",2020-07-07 02:16:00,train
506,505,creation_date,"Jun 24th, 2020 1:48 pm",2020-06-24 13:48:00,train
507,506,creation_date,"Jul 11th, 2020 2:54 pm",2020-07-11 14:54:00,train
508,507,creation_date,"Jul 1st, 2020 3:12 pm",2020-07-01 15:12:00,train
509,508,creation_date,"Jul 12th, 2020 11:22 am",2020-07-12 11:22:00,train
510,509,creation_date,"Jun 23rd, 2020 4:48 pm",2020-06-23 16:48:00,train
511,510,creation_date,"Jul 10th, 2020 7:31 pm",2020-07-10 19:31:00,test
512,511,creation_date,"Jul 10th, 2020 6:05 pm",2020-07-10 18:05:00,train
513,512,creation_date,"Jul 3rd, 2020 1:01 pm",2020-07-03 13:01:00,train
514,513,creation_date,"Jul 12th, 2020 1:18 pm",2020-07-12 13:18:00,train
515,514,creation_date,"Jul 11th, 2020 4:09 pm",2020-07-11 16:09:00,test
516,515,creation_date,"Jul 4th, 2020 7:49 pm",2020-07-04 19:49:00,test
517,516,creation_date,"Jun 30th, 2020 10:48 am",2020-06-30 10:48:00,train
518,517,creation_date,"Jul 12th, 2020 11:31 am",2020-07-12 11:31:00,train
519,518,creation_date,"May 4th, 2020 10:47 am",2020-05-04 10:47:00,test
520,519,creation_date,"Jul 10th, 2020 11:24 am",2020-07-10 11:24:00,train
521,520,creation_date,"Jul 12th, 2020 11:01 am",2020-07-12 11:01:00,train
522,521,creation_date,"Jul 7th, 2020 11:28 am",2020-07-07 11:28:00,train
523,522,creation_date,"Jul 11th, 2020 12:32 pm",2020-07-11 12:32:00,test
524,523,creation_date,"Jul 10th, 2020 10:21 am",2020-07-10 10:21:00,train
525,524,creation_date,"Jul 10th, 2020 7:57 am",2020-07-10 07:57:00,train
526,525,creation_date,"Jun 27th, 2020 4:23 am",2020-06-27 04:23:00,train
527,526,creation_date,"Jun 17th, 2020 9:54 am",2020-06-17 09:54:00,train
528,527,creation_date,"Jul 10th, 2020 10:14 pm",2020-07-10 22:14:00,train
529,528,creation_date,"May 3rd, 2020 9:46 am",2020-05-03 09:46:00,test
530,529,creation_date,"Jun 29th, 2020 9:19 am",2020-06-29 09:19:00,train
531,530,creation_date,"Jul 10th, 2020 8:44 am",2020-07-10 08:44:00,train
532,531,creation_date,"Jun 27th, 2020 11:45 pm",2020-06-27 23:45:00,test
533,532,creation_date,"Jul 11th, 2020 5:08 am",2020-07-11 05:08:00,train
534,533,creation_date,"Jul 11th, 2020 3:59 pm",2020-07-11 15:59:00,train
535,534,creation_date,"Jul 1st, 2020 1:06 pm",2020-07-01 13:06:00,test
536,535,creation_date,"Jul 11th, 2020 5:30 pm",2020-07-11 17:30:00,test
537,536,creation_date,"Jul 11th, 2020 7:06 pm",2020-07-11 19:06:00,test
540,539,creation_date,"Jul 11th, 2020 8:36 pm",2020-07-11 20:36:00,test
541,540,creation_date,"Jul 1st, 2020 12:07 pm",2020-07-01 12:07:00,train
542,541,creation_date,"Jul 11th, 2020 8:15 pm",2020-07-11 20:15:00,train
543,542,creation_date,"Jul 8th, 2020 6:06 pm",2020-07-08 18:06:00,train
544,543,creation_date,"Jul 11th, 2020 1:56 pm",2020-07-11 13:56:00,train
545,544,creation_date,"Jun 22nd, 2020 2:11 am",2020-06-22 02:11:00,train
546,545,creation_date,"Jul 11th, 2020 5:57 pm",2020-07-11 17:57:00,test
547,546,creation_date,"Jul 11th, 2020 5:43 pm",2020-07-11 17:43:00,train
548,547,creation_date,"Jul 11th, 2020 1:57 pm",2020-07-11 13:57:00,train
549,548,creation_date,"Jul 11th, 2020 11:45 am",2020-07-11 11:45:00,test
550,549,creation_date,"Jul 11th, 2020 6:19 pm",2020-07-11 18:19:00,train
551,550,creation_date,"Jul 11th, 2020 3:32 pm",2020-07-11 15:32:00,train
552,551,creation_date,"Jul 10th, 2020 12:02 am",2020-07-10 00:02:00,train
553,552,creation_date,"Jul 9th, 2020 2:28 pm",2020-07-09 14:28:00,test
554,553,creation_date,"Jul 11th, 2020 1:27 pm",2020-07-11 13:27:00,train
555,554,creation_date,"Jul 11th, 2020 1:13 pm",2020-07-11 13:13:00,train
556,555,creation_date,"Jul 11th, 2020 3:51 pm",2020-07-11 15:51:00,train
557,556,creation_date,"Jul 10th, 2020 3:01 pm",2020-07-10 15:01:00,train
558,557,creation_date,"Jul 11th, 2020 3:16 pm",2020-07-11 15:16:00,train
559,558,creation_date,"Jul 5th, 2020 12:12 am",2020-07-05 00:12:00,train
560,559,creation_date,"Jul 9th, 2020 6:40 am",2020-07-09 06:40:00,train
561,560,creation_date,"Jun 21st, 2020 2:38 pm",2020-06-21 14:38:00,train
562,561,creation_date,"Mar 30th, 2020 9:19 pm",2020-03-30 21:19:00,train
563,562,creation_date,"Jul 9th, 2020 10:44 am",2020-07-09 10:44:00,train
564,563,creation_date,"Jul 3rd, 2020 10:01 pm",2020-07-03 22:01:00,train
565,564,creation_date,"Jul 8th, 2020 7:05 pm",2020-07-08 19:05:00,train
566,565,creation_date,"Jul 9th, 2020 11:51 am",2020-07-09 11:51:00,test
567,566,creation_date,"Jul 11th, 2020 10:55 am",2020-07-11 10:55:00,train
568,567,creation_date,"May 16th, 2020 7:33 pm",2020-05-16 19:33:00,train
569,568,creation_date,"Jul 11th, 2020 12:47 pm",2020-07-11 12:47:00,test
570,569,creation_date,"Jul 11th, 2020 7:25 am",2020-07-11 07:25:00,train
571,570,creation_date,"Jul 10th, 2020 11:06 pm",2020-07-10 23:06:00,train
572,571,creation_date,"Jul 11th, 2020 12:26 am",2020-07-11 00:26:00,train
573,572,creation_date,"Jul 11th, 2020 11:36 am",2020-07-11 11:36:00,train
574,573,creation_date,"Jul 6th, 2020 8:31 pm",2020-07-06 20:31:00,train
575,574,creation_date,"Jul 11th, 2020 10:58 am",2020-07-11 10:58:00,test
576,575,creation_date,"Jul 11th, 2020 10:54 am",2020-07-11 10:54:00,train
577,576,creation_date,"Jul 10th, 2020 11:38 am",2020-07-10 11:38:00,train
578,577,creation_date,"Jul 11th, 2020 10:11 am",2020-07-11 10:11:00,train
579,578,creation_date,"Jul 9th, 2020 5:54 pm",2020-07-09 17:54:00,test
580,579,creation_date,"Jul 8th, 2020 3:20 pm",2020-07-08 15:20:00,train
581,580,creation_date,"Jul 11th, 2020 3:11 am",2020-07-11 03:11:00,train
582,581,creation_date,"Jul 6th, 2020 11:34 am",2020-07-06 11:34:00,train
583,582,creation_date,"Jul 8th, 2020 12:49 pm",2020-07-08 12:49:00,train
584,583,creation_date,"Jul 11th, 2020 12:26 am",2020-07-11 00:26:00,train
585,584,creation_date,"Jun 26th, 2020 11:08 pm",2020-06-26 23:08:00,test
586,585,creation_date,"Jun 21st, 2020 6:58 pm",2020-06-21 18:58:00,train
587,586,creation_date,"Jul 10th, 2020 12:42 pm",2020-07-10 12:42:00,train
588,587,creation_date,"Jul 9th, 2020 3:37 pm",2020-07-09 15:37:00,train
589,588,creation_date,"Jul 10th, 2020 11:21 pm",2020-07-10 23:21:00,train
590,589,creation_date,"Jun 19th, 2020 1:19 pm",2020-06-19 13:19:00,train
591,590,creation_date,"Jun 26th, 2020 8:42 am",2020-06-26 08:42:00,test
592,591,creation_date,"Jul 4th, 2020 4:55 pm",2020-07-04 16:55:00,test
593,592,creation_date,"Jul 3rd, 2020 9:57 pm",2020-07-03 21:57:00,test
594,593,creation_date,"Jul 4th, 2020 1:01 pm",2020-07-04 13:01:00,test
595,594,creation_date,"Jul 10th, 2020 6:01 pm",2020-07-10 18:01:00,train
596,595,creation_date,"Jul 9th, 2020 9:59 am",2020-07-09 09:59:00,train
597,596,creation_date,"Jun 25th, 2020 3:18 pm",2020-06-25 15:18:00,train
598,597,creation_date,"Jul 7th, 2020 6:01 am",2020-07-07 06:01:00,test
599,598,creation_date,"Jul 1st, 2020 8:29 am",2020-07-01 08:29:00,train
600,599,creation_date,"Jul 9th, 2020 3:29 pm",2020-07-09 15:29:00,test
601,600,creation_date,"Jul 10th, 2020 5:20 pm",2020-07-10 17:20:00,train
602,601,creation_date,"Jul 9th, 2020 8:21 am",2020-07-09 08:21:00,train
603,602,creation_date,"Jun 23rd, 2020 9:16 am",2020-06-23 09:16:00,test
604,603,creation_date,"Jun 20th, 2020 1:48 pm",2020-06-20 13:48:00,train
605,604,creation_date,"Jun 1st, 2020 9:07 am",2020-06-01 09:07:00,train
606,605,creation_date,"Jul 10th, 2020 2:55 pm",2020-07-10 14:55:00,test
607,606,creation_date,"Jun 14th, 2020 10:00 am",2020-06-14 10:00:00,train
608,607,creation_date,"Jun 6th, 2020 10:50 pm",2020-06-06 22:50:00,train
609,608,creation_date,"Jul 5th, 2020 7:56 am",2020-07-05 07:56:00,train
610,609,creation_date,"Jul 10th, 2020 12:07 am",2020-07-10 00:07:00,train
611,610,creation_date,"Jul 10th, 2020 11:11 am",2020-07-10 11:11:00,train
612,611,creation_date,"Jul 7th, 2020 10:34 am",2020-07-07 10:34:00,train
613,612,creation_date,"Jul 8th, 2020 12:31 pm",2020-07-08 12:31:00,train
614,613,creation_date,"Jul 10th, 2020 8:58 am",2020-07-10 08:58:00,train
615,614,creation_date,"Jul 10th, 2020 7:52 am",2020-07-10 07:52:00,test
616,615,creation_date,"Jun 9th, 2020 4:06 pm",2020-06-09 16:06:00,train
617,616,creation_date,"Jul 10th, 2020 7:58 am",2020-07-10 07:58:00,train
618,617,creation_date,"Jul 10th, 2020 1:55 am",2020-07-10 01:55:00,train
619,618,creation_date,"Jul 10th, 2020 2:18 pm",2020-07-10 14:18:00,train
620,619,creation_date,"Jul 10th, 2020 10:30 am",2020-07-10 10:30:00,train
621,620,creation_date,"Jul 10th, 2020 11:05 am",2020-07-10 11:05:00,test
622,621,creation_date,"Jul 9th, 2020 9:38 am",2020-07-09 09:38:00,train
623,622,creation_date,"Jun 20th, 2020 6:27 pm",2020-06-20 18:27:00,train
624,623,creation_date,"Jun 27th, 2020 9:55 pm",2020-06-27 21:55:00,train
625,624,creation_date,"Jun 27th, 2020 5:07 pm",2020-06-27 17:07:00,train
626,625,creation_date,"Jul 10th, 2020 1:24 pm",2020-07-10 13:24:00,train
627,626,creation_date,"Jul 10th, 2020 11:56 am",2020-07-10 11:56:00,train
630,629,creation_date,"Jan 20th, 2020 2:38 pm",2020-01-20 14:38:00,train
631,630,creation_date,"Jul 10th, 2020 8:26 am",2020-07-10 08:26:00,test
632,631,creation_date,"Jun 19th, 2020 4:11 am",2020-06-19 04:11:00,train
633,632,creation_date,"Jul 9th, 2020 11:26 am",2020-07-09 11:26:00,train
634,633,creation_date,"Jun 22nd, 2020 4:16 pm",2020-06-22 16:16:00,test
635,634,creation_date,"May 14th, 2020 10:43 am",2020-05-14 10:43:00,train
636,635,creation_date,"Jul 6th, 2020 11:43 am",2020-07-06 11:43:00,train
637,636,creation_date,"Jul 9th, 2020 1:40 pm",2020-07-09 13:40:00,test
638,637,creation_date,"Jun 23rd, 2020 10:32 am",2020-06-23 10:32:00,train
639,638,creation_date,"Jun 25th, 2020 9:13 am",2020-06-25 09:13:00,test
640,639,creation_date,"Jun 24th, 2020 12:18 am",2020-06-24 00:18:00,train
641,640,creation_date,"Jul 9th, 2020 10:03 am",2020-07-09 10:03:00,train
642,641,creation_date,"Jul 10th, 2020 7:33 am",2020-07-10 07:33:00,train
643,642,creation_date,"Jul 9th, 2020 8:59 am",2020-07-09 08:59:00,test
644,643,creation_date,"Jul 7th, 2020 11:22 am",2020-07-07 11:22:00,train
645,644,creation_date,"Jul 9th, 2020 6:59 pm",2020-07-09 18:59:00,train
646,645,creation_date,"Jul 3rd, 2020 3:18 am",2020-07-03 03:18:00,train
647,646,creation_date,"Jul 7th, 2020 11:30 am",2020-07-07 11:30:00,train
648,647,creation_date,"Jul 7th, 2020 11:46 am",2020-07-07 11:46:00,train
649,648,creation_date,"Jul 5th, 2020 11:23 am",2020-07-05 11:23:00,train
650,649,creation_date,"Jul 9th, 2020 4:42 pm",2020-07-09 16:42:00,test
651,650,creation_date,"May 11th, 2020 7:20 pm",2020-05-11 19:20:00,train
652,651,creation_date,"Jul 3rd, 2020 8:31 pm",2020-07-03 20:31:00,train
653,652,creation_date,"Jul 6th, 2020 11:52 am",2020-07-06 11:52:00,train
654,653,creation_date,"Jul 4th, 2020 8:53 pm",2020-07-04 20:53:00,test
655,654,creation_date,"Jul 5th, 2020 6:22 pm",2020-07-05 18:22:00,train
656,655,creation_date,"Jul 9th, 2020 4:55 pm",2020-07-09 16:55:00,test
657,656,creation_date,"Jul 2nd, 2020 10:10 pm",2020-07-02 22:10:00,train
658,657,creation_date,"Jul 9th, 2020 10:42 am",2020-07-09 10:42:00,test
659,658,creation_date,"Jun 8th, 2020 7:55 pm",2020-06-08 19:55:00,train
660,659,creation_date,"Jul 8th, 2020 7:18 pm",2020-07-08 19:18:00,train
661,660,creation_date,"Jul 8th, 2020 11:16 am",2020-07-08 11:16:00,train
662,661,creation_date,"Jul 4th, 2020 4:33 pm",2020-07-04 16:33:00,train
663,662,creation_date,"Jul 9th, 2020 8:38 am",2020-07-09 08:38:00,test
664,663,creation_date,"Jul 8th, 2020 9:44 pm",2020-07-08 21:44:00,train
665,664,creation_date,"May 2nd, 2020 11:25 pm",2020-05-02 23:25:00,train
666,665,creation_date,"Jul 8th, 2020 12:45 pm",2020-07-08 12:45:00,test
667,666,creation_date,"Jul 4th, 2020 6:47 pm",2020-07-04 18:47:00,train
668,667,creation_date,"Jun 30th, 2020 10:32 pm",2020-06-30 22:32:00,train
669,668,creation_date,"Jul 8th, 2020 6:08 am",2020-07-08 06:08:00,test
670,669,creation_date,"Jul 7th, 2020 9:07 pm",2020-07-07 21:07:00,test
671,670,creation_date,"Jun 15th, 2020 12:12 pm",2020-06-15 12:12:00,test
672,671,creation_date,"Jul 7th, 2020 2:55 pm",2020-07-07 14:55:00,test
673,672,creation_date,"Jul 7th, 2020 12:31 am",2020-07-07 00:31:00,test
674,673,creation_date,"Jul 8th, 2020 10:43 pm",2020-07-08 22:43:00,train
675,674,creation_date,"Jul 9th, 2020 11:31 am",2020-07-09 11:31:00,train
676,675,creation_date,"Jul 9th, 2020 5:00 am",2020-07-09 05:00:00,test
677,676,creation_date,"May 17th, 2020 5:18 pm",2020-05-17 17:18:00,test
678,677,creation_date,"Jul 8th, 2020 2:19 pm",2020-07-08 14:19:00,test
679,678,creation_date,"Jul 9th, 2020 10:11 am",2020-07-09 10:11:00,test
680,679,creation_date,"Jul 9th, 2020 10:02 am",2020-07-09 10:02:00,train
681,680,creation_date,"Jul 9th, 2020 10:28 am",2020-07-09 10:28:00,train
682,681,creation_date,"Jul 8th, 2020 5:00 pm",2020-07-08 17:00:00,train
683,682,creation_date,"Jul 5th, 2020 8:12 am",2020-07-05 08:12:00,train
684,683,creation_date,"Jun 27th, 2020 8:43 am",2020-06-27 08:43:00,test
685,684,creation_date,"May 28th, 2020 5:38 pm",2020-05-28 17:38:00,train
686,685,creation_date,"Jul 2nd, 2020 11:16 am",2020-07-02 11:16:00,test
687,686,creation_date,"Jun 17th, 2020 11:43 am",2020-06-17 11:43:00,test
688,687,creation_date,"Jun 29th, 2020 4:23 pm",2020-06-29 16:23:00,train
689,688,creation_date,"Feb 3rd, 2020 11:10 am",2020-02-03 11:10:00,test
690,689,creation_date,"Jul 8th, 2020 10:36 am",2020-07-08 10:36:00,test
691,690,creation_date,"Jul 9th, 2020 7:21 am",2020-07-09 07:21:00,train
692,691,creation_date,"Jul 8th, 2020 4:39 pm",2020-07-08 16:39:00,train
693,692,creation_date,"Jul 8th, 2020 4:45 pm",2020-07-08 16:45:00,test
694,693,creation_date,"Jul 8th, 2020 3:01 am",2020-07-08 03:01:00,test
695,694,creation_date,"Jul 7th, 2020 9:57 pm",2020-07-07 21:57:00,test
696,695,creation_date,"Jul 8th, 2020 2:17 pm",2020-07-08 14:17:00,train
697,696,creation_date,"Jun 24th, 2020 1:32 pm",2020-06-24 13:32:00,train
698,697,creation_date,"Jul 2nd, 2020 2:21 am",2020-07-02 02:21:00,train
699,698,creation_date,"Jul 8th, 2020 10:53 pm",2020-07-08 22:53:00,train
700,699,creation_date,"Jun 29th, 2020 12:54 pm",2020-06-29 12:54:00,test
701,700,creation_date,"Jul 8th, 2020 9:41 am",2020-07-08 09:41:00,train
702,701,creation_date,"Jul 7th, 2020 11:13 pm",2020-07-07 23:13:00,train
703,702,creation_date,"Jul 7th, 2020 12:30 am",2020-07-07 00:30:00,train
704,703,creation_date,"Jul 8th, 2020 12:09 pm",2020-07-08 12:09:00,train
705,704,creation_date,"Jun 26th, 2020 12:50 pm",2020-06-26 12:50:00,train
706,705,creation_date,"Jul 7th, 2020 7:34 pm",2020-07-07 19:34:00,train
707,706,creation_date,"Jul 8th, 2020 4:50 pm",2020-07-08 16:50:00,train
708,707,creation_date,"Jul 8th, 2020 1:52 pm",2020-07-08 13:52:00,train
709,708,creation_date,"Jun 24th, 2020 8:26 pm",2020-06-24 20:26:00,train
710,709,creation_date,"Jul 7th, 2020 11:40 am",2020-07-07 11:40:00,train
711,710,creation_date,"Jul 8th, 2020 3:54 pm",2020-07-08 15:54:00,train
712,711,creation_date,"Jul 6th, 2020 8:28 am",2020-07-06 08:28:00,test
713,712,creation_date,"Jul 7th, 2020 10:36 pm",2020-07-07 22:36:00,train
714,713,creation_date,"Jul 7th, 2020 11:01 pm",2020-07-07 23:01:00,test
715,714,creation_date,"Jul 6th, 2020 9:32 pm",2020-07-06 21:32:00,test
716,715,creation_date,"Jul 7th, 2020 9:07 pm",2020-07-07 21:07:00,test
717,716,creation_date,"Jul 8th, 2020 12:15 pm",2020-07-08 12:15:00,test
718,717,creation_date,"Jun 19th, 2020 12:01 pm",2020-06-19 12:01:00,test
719,718,creation_date,"Jul 7th, 2020 6:32 am",2020-07-07 06:32:00,train
720,719,creation_date,"May 28th, 2020 3:38 pm",2020-05-28 15:38:00,train
721,720,creation_date,"Jul 7th, 2020 6:18 pm",2020-07-07 18:18:00,train
722,721,creation_date,"Jun 22nd, 2020 1:21 pm",2020-06-22 13:21:00,test
723,722,creation_date,"Jul 8th, 2020 8:14 am",2020-07-08 08:14:00,train
724,723,creation_date,"Jul 8th, 2020 9:15 am",2020-07-08 09:15:00,train
725,724,creation_date,"Jul 6th, 2020 8:39 pm",2020-07-06 20:39:00,train
726,725,creation_date,"Jul 5th, 2020 11:00 am",2020-07-05 11:00:00,train
727,726,creation_date,"Jun 1st, 2020 10:15 pm",2020-06-01 22:15:00,train
728,727,creation_date,"Jul 7th, 2020 4:39 pm",2020-07-07 16:39:00,test
729,728,creation_date,"Jun 11th, 2020 3:04 am",2020-06-11 03:04:00,test
730,729,creation_date,"Jun 27th, 2020 12:15 pm",2020-06-27 12:15:00,test
731,730,creation_date,"Jul 7th, 2020 5:09 pm",2020-07-07 17:09:00,train
732,731,creation_date,"Jul 7th, 2020 12:50 pm",2020-07-07 12:50:00,train
733,732,creation_date,"Jul 1st, 2020 7:23 am",2020-07-01 07:23:00,test
734,733,creation_date,"Jul 7th, 2020 3:47 pm",2020-07-07 15:47:00,train
735,734,creation_date,"Jul 6th, 2020 3:13 pm",2020-07-06 15:13:00,train
736,735,creation_date,"Jun 25th, 2020 12:40 pm",2020-06-25 12:40:00,train
737,736,creation_date,"May 20th, 2020 11:17 am",2020-05-20 11:17:00,train
738,737,creation_date,"Jun 24th, 2020 12:34 pm",2020-06-24 12:34:00,train
739,738,creation_date,"Jul 6th, 2020 9:02 pm",2020-07-06 21:02:00,train
740,739,creation_date,"Jul 5th, 2020 7:32 pm",2020-07-05 19:32:00,test
741,740,creation_date,"Jun 9th, 2020 11:52 am",2020-06-09 11:52:00,train
742,741,creation_date,"Jun 28th, 2020 3:13 pm",2020-06-28 15:13:00,train
743,742,creation_date,"Jul 7th, 2020 10:06 am",2020-07-07 10:06:00,train
744,743,creation_date,"Jun 27th, 2020 12:06 pm",2020-06-27 12:06:00,train
745,744,creation_date,"Jul 7th, 2020 12:59 am",2020-07-07 00:59:00,train
746,745,creation_date,"Jul 6th, 2020 5:59 pm",2020-07-06 17:59:00,train
747,746,creation_date,"Jul 4th, 2020 7:56 am",2020-07-04 07:56:00,train
748,747,creation_date,"Jun 17th, 2020 9:53 pm",2020-06-17 21:53:00,train
749,748,creation_date,"Jul 7th, 2020 11:53 am",2020-07-07 11:53:00,train
750,749,creation_date,"Jul 3rd, 2020 1:32 pm",2020-07-03 13:32:00,test
751,750,creation_date,"Jul 3rd, 2020 9:10 pm",2020-07-03 21:10:00,train
752,751,creation_date,"Jul 7th, 2020 10:36 am",2020-07-07 10:36:00,train
753,752,creation_date,"Jul 4th, 2020 8:03 pm",2020-07-04 20:03:00,train
754,753,creation_date,"Jul 7th, 2020 2:42 pm",2020-07-07 14:42:00,train
755,754,creation_date,"Jul 7th, 2020 11:54 am",2020-07-07 11:54:00,train
756,755,creation_date,"Jul 7th, 2020 11:53 am",2020-07-07 11:53:00,test
757,756,creation_date,"Jul 7th, 2020 11:06 am",2020-07-07 11:06:00,test
758,757,creation_date,"Jan 20th, 2020 7:02 pm",2020-01-20 19:02:00,train
759,758,creation_date,"Jul 7th, 2020 3:00 pm",2020-07-07 15:00:00,train
760,759,creation_date,"Jul 4th, 2020 6:13 pm",2020-07-04 18:13:00,test
761,760,creation_date,"Jun 22nd, 2020 9:54 pm",2020-06-22 21:54:00,train
762,761,creation_date,"Jul 6th, 2020 7:51 pm",2020-07-06 19:51:00,train
763,762,creation_date,"Jun 29th, 2020 8:28 am",2020-06-29 08:28:00,train
764,763,creation_date,"Jul 7th, 2020 12:25 pm",2020-07-07 12:25:00,train
765,764,creation_date,"Jul 3rd, 2020 10:24 pm",2020-07-03 22:24:00,test
766,765,creation_date,"Jul 7th, 2020 1:18 pm",2020-07-07 13:18:00,train
767,766,creation_date,"Jun 26th, 2020 5:41 pm",2020-06-26 17:41:00,train
768,767,creation_date,"Jul 6th, 2020 1:12 pm",2020-07-06 13:12:00,train
769,768,creation_date,"Jul 7th, 2020 11:40 am",2020-07-07 11:40:00,train
770,769,creation_date,"Jun 29th, 2020 12:03 pm",2020-06-29 12:03:00,train
771,770,creation_date,"Jul 6th, 2020 3:40 pm",2020-07-06 15:40:00,test
772,771,creation_date,"Jul 6th, 2020 9:57 pm",2020-07-06 21:57:00,train
773,772,creation_date,"Jul 6th, 2020 11:45 am",2020-07-06 11:45:00,test
774,773,creation_date,"Jul 7th, 2020 7:49 am",2020-07-07 07:49:00,train
775,774,creation_date,"Jun 23rd, 2020 10:50 am",2020-06-23 10:50:00,train
776,775,creation_date,"Jul 3rd, 2020 4:19 pm",2020-07-03 16:19:00,train
777,776,creation_date,"Jun 24th, 2020 4:22 pm",2020-06-24 16:22:00,train
778,777,creation_date,"Jul 7th, 2020 8:48 am",2020-07-07 08:48:00,test
779,778,creation_date,"Jul 7th, 2020 8:24 am",2020-07-07 08:24:00,test
780,779,creation_date,"Jul 5th, 2020 12:10 pm",2020-07-05 12:10:00,test
781,780,creation_date,"Jun 28th, 2020 12:30 am",2020-06-28 00:30:00,train
782,781,creation_date,"Jun 12th, 2020 1:03 am",2020-06-12 01:03:00,test
783,782,creation_date,"Jun 11th, 2020 3:45 pm",2020-06-11 15:45:00,train
784,783,creation_date,"Jun 30th, 2020 7:46 pm",2020-06-30 19:46:00,train
785,784,creation_date,"Jun 17th, 2020 3:03 pm",2020-06-17 15:03:00,train
786,785,creation_date,"Jul 3rd, 2020 2:18 pm",2020-07-03 14:18:00,train
787,786,creation_date,"Jul 6th, 2020 7:50 pm",2020-07-06 19:50:00,train
788,787,creation_date,"Jul 6th, 2020 2:38 pm",2020-07-06 14:38:00,train
789,788,creation_date,"Jul 6th, 2020 3:18 pm",2020-07-06 15:18:00,test
790,789,creation_date,"Jun 1st, 2020 7:39 am",2020-06-01 07:39:00,train
791,790,creation_date,"Jul 6th, 2020 2:47 pm",2020-07-06 14:47:00,train
792,791,creation_date,"Jul 6th, 2020 12:52 pm",2020-07-06 12:52:00,train
793,792,creation_date,"Jul 6th, 2020 11:14 pm",2020-07-06 23:14:00,train
794,793,creation_date,"Jul 5th, 2020 8:24 pm",2020-07-05 20:24:00,test
795,794,creation_date,"Jul 1st, 2020 7:38 pm",2020-07-01 19:38:00,train
796,795,creation_date,"Jul 6th, 2020 9:28 pm",2020-07-06 21:28:00,train
797,796,creation_date,"Jul 6th, 2020 9:23 am",2020-07-06 09:23:00,test
798,797,creation_date,"Jul 6th, 2020 9:26 am",2020-07-06 09:26:00,train
799,798,creation_date,"Jul 6th, 2020 1:49 am",2020-07-06 01:49:00,train
800,799,creation_date,"Jul 6th, 2020 2:20 pm",2020-07-06 14:20:00,test
801,800,creation_date,"Jul 6th, 2020 2:54 pm",2020-07-06 14:54:00,train
802,801,creation_date,"Jul 6th, 2020 4:44 pm",2020-07-06 16:44:00,train
803,802,creation_date,"Jul 6th, 2020 2:39 pm",2020-07-06 14:39:00,train
804,803,creation_date,"Jul 5th, 2020 3:11 pm",2020-07-05 15:11:00,test
805,804,creation_date,"Jul 5th, 2020 7:05 pm",2020-07-05 19:05:00,train
806,805,creation_date,"May 23rd, 2020 12:26 pm",2020-05-23 12:26:00,test
807,806,creation_date,"Jul 6th, 2020 11:18 am",2020-07-06 11:18:00,test
808,807,creation_date,"Jul 6th, 2020 5:36 pm",2020-07-06 17:36:00,train
809,808,creation_date,"Jul 6th, 2020 11:51 am",2020-07-06 11:51:00,train
810,809,creation_date,"Jul 6th, 2020 1:29 pm",2020-07-06 13:29:00,test
811,810,creation_date,"Jul 3rd, 2020 10:06 pm",2020-07-03 22:06:00,train
812,811,creation_date,"Jul 1st, 2020 1:05 pm",2020-07-01 13:05:00,train
813,812,creation_date,"Jul 6th, 2020 11:48 am",2020-07-06 11:48:00,test
814,813,creation_date,"Jun 29th, 2020 2:10 pm",2020-06-29 14:10:00,train
815,814,creation_date,"Apr 21st, 2020 7:01 pm",2020-04-21 19:01:00,test
816,815,creation_date,"Jul 3rd, 2020 7:00 pm",2020-07-03 19:00:00,train
817,816,creation_date,"Jul 6th, 2020 2:11 pm",2020-07-06 14:11:00,test
818,817,creation_date,"Jul 5th, 2020 8:12 pm",2020-07-05 20:12:00,train
819,818,creation_date,"Jun 21st, 2020 11:48 am",2020-06-21 11:48:00,train
820,819,creation_date,"Jun 11th, 2020 1:57 pm",2020-06-11 13:57:00,train
821,820,creation_date,"May 6th, 2020 6:00 pm",2020-05-06 18:00:00,test
822,821,creation_date,"Jul 6th, 2020 11:55 am",2020-07-06 11:55:00,test
823,822,creation_date,"Jul 4th, 2020 11:53 am",2020-07-04 11:53:00,test
824,823,creation_date,"Jul 5th, 2020 7:49 pm",2020-07-05 19:49:00,train
825,824,creation_date,"Jul 6th, 2020 6:39 am",2020-07-06 06:39:00,test
826,825,creation_date,"Jun 25th, 2020 9:18 pm",2020-06-25 21:18:00,test
827,826,creation_date,"Jul 6th, 2020 11:52 am",2020-07-06 11:52:00,train
828,827,creation_date,"Jul 4th, 2020 3:13 pm",2020-07-04 15:13:00,test
829,828,creation_date,"Jul 6th, 2020 10:27 am",2020-07-06 10:27:00,train
830,829,creation_date,"Jul 5th, 2020 8:18 am",2020-07-05 08:18:00,test
831,830,creation_date,"Jul 5th, 2020 12:24 pm",2020-07-05 12:24:00,test
832,831,creation_date,"Jun 27th, 2020 11:28 pm",2020-06-27 23:28:00,train
833,832,creation_date,"Jul 2nd, 2020 3:12 pm",2020-07-02 15:12:00,train
834,833,creation_date,"Feb 19th, 2020 8:10 pm",2020-02-19 20:10:00,train
835,834,creation_date,"Jul 5th, 2020 12:30 pm",2020-07-05 12:30:00,test
836,835,creation_date,"Jul 3rd, 2020 2:02 am",2020-07-03 02:02:00,test
837,836,creation_date,"Jul 6th, 2020 9:46 am",2020-07-06 09:46:00,train
838,837,creation_date,"Jul 6th, 2020 8:47 am",2020-07-06 08:47:00,train
839,838,creation_date,"Mar 23rd, 2020 5:49 pm",2020-03-23 17:49:00,train
840,839,creation_date,"Jul 3rd, 2020 5:51 pm",2020-07-03 17:51:00,train
841,840,creation_date,"Jun 28th, 2020 6:01 am",2020-06-28 06:01:00,test
842,841,creation_date,"Jun 26th, 2020 10:03 am",2020-06-26 10:03:00,train
843,842,creation_date,"Jul 4th, 2020 9:50 am",2020-07-04 09:50:00,train
844,843,creation_date,"Jul 2nd, 2020 3:42 pm",2020-07-02 15:42:00,train
845,844,creation_date,"Jul 5th, 2020 9:01 am",2020-07-05 09:01:00,train
846,845,creation_date,"Apr 22nd, 2020 6:43 pm",2020-04-22 18:43:00,test
847,846,creation_date,"Jul 5th, 2020 11:12 pm",2020-07-05 23:12:00,train
848,847,creation_date,"Jul 5th, 2020 6:05 pm",2020-07-05 18:05:00,test
849,848,creation_date,"May 4th, 2020 9:00 am",2020-05-04 09:00:00,train
850,849,creation_date,"Jul 5th, 2020 8:51 pm",2020-07-05 20:51:00,test
851,850,creation_date,"Jul 5th, 2020 11:46 am",2020-07-05 11:46:00,train
852,851,creation_date,"Jul 5th, 2020 2:35 pm",2020-07-05 14:35:00,test
853,852,creation_date,"Jun 12th, 2020 12:57 pm",2020-06-12 12:57:00,test
854,853,creation_date,"Jun 9th, 2020 6:28 pm",2020-06-09 18:28:00,train
855,854,creation_date,"Jul 4th, 2020 9:03 pm",2020-07-04 21:03:00,test
856,855,creation_date,"Apr 17th, 2020 12:35 am",2020-04-17 00:35:00,train
857,856,creation_date,"Jul 5th, 2020 4:18 pm",2020-07-05 16:18:00,train
858,857,creation_date,"Jul 5th, 2020 3:49 pm",2020-07-05 15:49:00,test
859,858,creation_date,"Jul 4th, 2020 10:08 am",2020-07-04 10:08:00,train
860,859,creation_date,"Jun 29th, 2020 10:49 am",2020-06-29 10:49:00,test
861,860,creation_date,"Jun 30th, 2020 7:14 pm",2020-06-30 19:14:00,test
862,861,creation_date,"Jul 5th, 2020 3:30 pm",2020-07-05 15:30:00,test
863,862,creation_date,"Jul 5th, 2020 12:28 pm",2020-07-05 12:28:00,train
864,863,creation_date,"Jun 21st, 2020 4:42 am",2020-06-21 04:42:00,test
865,864,creation_date,"Jun 26th, 2020 10:38 am",2020-06-26 10:38:00,train
866,865,creation_date,"Jul 5th, 2020 12:42 am",2020-07-05 00:42:00,test
867,866,creation_date,"Jun 27th, 2020 6:28 pm",2020-06-27 18:28:00,train
868,867,creation_date,"Jun 29th, 2020 10:07 am",2020-06-29 10:07:00,test
869,868,creation_date,"Jul 4th, 2020 11:17 am",2020-07-04 11:17:00,train
870,869,creation_date,"Jul 5th, 2020 11:58 am",2020-07-05 11:58:00,train
871,870,creation_date,"Jul 5th, 2020 11:25 am",2020-07-05 11:25:00,test
872,871,creation_date,"Jun 4th, 2020 12:09 pm",2020-06-04 12:09:00,train
873,872,creation_date,"Jul 5th, 2020 12:33 am",2020-07-05 00:33:00,train
874,873,creation_date,"Jun 25th, 2020 5:36 pm",2020-06-25 17:36:00,train
875,874,creation_date,"Jul 4th, 2020 2:49 pm",2020-07-04 14:49:00,train
876,875,creation_date,"Jul 1st, 2020 9:44 pm",2020-07-01 21:44:00,train
877,876,creation_date,"Jul 3rd, 2020 10:07 am",2020-07-03 10:07:00,train
878,877,creation_date,"Jul 2nd, 2020 4:41 pm",2020-07-02 16:41:00,train
879,878,creation_date,"Jun 11th, 2020 10:30 am",2020-06-11 10:30:00,train
880,879,creation_date,"Jun 16th, 2020 11:19 am",2020-06-16 11:19:00,train
881,880,creation_date,"Jul 3rd, 2020 8:33 pm",2020-07-03 20:33:00,train
882,881,creation_date,"Jul 3rd, 2020 3:41 pm",2020-07-03 15:41:00,train
883,882,creation_date,"Jul 4th, 2020 8:15 am",2020-07-04 08:15:00,train
884,883,creation_date,"Jul 1st, 2020 12:42 am",2020-07-01 00:42:00,test
885,884,creation_date,"Jun 26th, 2020 10:03 am",2020-06-26 10:03:00,test
886,885,creation_date,"Jul 4th, 2020 2:56 pm",2020-07-04 14:56:00,train
887,886,creation_date,"Jun 24th, 2020 10:31 am",2020-06-24 10:31:00,test
888,887,creation_date,"Jun 20th, 2020 5:43 pm",2020-06-20 17:43:00,train
889,888,creation_date,"Jul 4th, 2020 3:42 pm",2020-07-04 15:42:00,train
890,889,creation_date,"Jun 3rd, 2020 1:27 pm",2020-06-03 13:27:00,train
891,890,creation_date,"Mar 29th, 2020 6:28 am",2020-03-29 06:28:00,test
892,891,creation_date,"Jul 4th, 2020 1:54 pm",2020-07-04 13:54:00,train
893,892,creation_date,"Jun 6th, 2020 2:58 pm",2020-06-06 14:58:00,train
894,893,creation_date,"Jun 18th, 2020 4:35 pm",2020-06-18 16:35:00,test
895,894,creation_date,"Jul 2nd, 2020 12:02 am",2020-07-02 00:02:00,train
896,895,creation_date,"Jul 3rd, 2020 12:34 pm",2020-07-03 12:34:00,train
897,896,creation_date,"Jul 3rd, 2020 6:25 pm",2020-07-03 18:25:00,test
898,897,creation_date,"Jul 2nd, 2020 4:28 pm",2020-07-02 16:28:00,train
899,898,creation_date,"Jul 3rd, 2020 8:57 am",2020-07-03 08:57:00,train
900,899,creation_date,"Jul 3rd, 2020 7:08 pm",2020-07-03 19:08:00,train
901,900,creation_date,"Jul 1st, 2020 8:21 am",2020-07-01 08:21:00,test
902,901,creation_date,"Jun 17th, 2020 10:11 am",2020-06-17 10:11:00,test
903,902,creation_date,"Jul 4th, 2020 7:18 am",2020-07-04 07:18:00,train
904,903,creation_date,"Jun 9th, 2020 10:22 am",2020-06-09 10:22:00,train
905,904,creation_date,"Jul 3rd, 2020 8:18 am",2020-07-03 08:18:00,train
906,905,creation_date,"Jul 3rd, 2020 10:58 pm",2020-07-03 22:58:00,train
907,906,creation_date,"Jul 1st, 2020 10:58 pm",2020-07-01 22:58:00,test
908,907,creation_date,"Jul 1st, 2020 7:46 am",2020-07-01 07:46:00,test
909,908,creation_date,"May 20th, 2020 6:24 pm",2020-05-20 18:24:00,test
910,909,creation_date,"Jun 10th, 2020 11:10 am",2020-06-10 11:10:00,train
911,910,creation_date,"Jun 22nd, 2020 2:41 pm",2020-06-22 14:41:00,test
912,911,creation_date,"Jul 3rd, 2020 10:19 pm",2020-07-03 22:19:00,train
913,912,creation_date,"Apr 10th, 2020 6:39 pm",2020-04-10 18:39:00,test
914,913,creation_date,"Jun 17th, 2020 5:18 pm",2020-06-17 17:18:00,test
915,914,creation_date,"Jun 25th, 2020 12:11 am",2020-06-25 00:11:00,train
916,915,creation_date,"Feb 16th, 2018 1:20 pm",2018-02-16 13:20:00,train
917,916,creation_date,"Jun 5th, 2020 9:42 pm",2020-06-05 21:42:00,train
918,917,creation_date,"Jun 30th, 2020 7:43 pm",2020-06-30 19:43:00,train
919,918,creation_date,"Jul 3rd, 2020 10:17 am",2020-07-03 10:17:00,train
920,919,creation_date,"Jul 2nd, 2020 10:02 pm",2020-07-02 22:02:00,train
921,920,creation_date,"Jul 3rd, 2020 2:46 pm",2020-07-03 14:46:00,train
922,921,creation_date,"Jun 29th, 2020 3:29 pm",2020-06-29 15:29:00,test
923,922,creation_date,"Jul 3rd, 2020 3:41 pm",2020-07-03 15:41:00,train
924,923,creation_date,"Jul 1st, 2020 11:13 pm",2020-07-01 23:13:00,train
925,924,creation_date,"Jun 30th, 2020 5:41 pm",2020-06-30 17:41:00,train
926,925,creation_date,"Jun 29th, 2020 12:35 pm",2020-06-29 12:35:00,train
927,926,creation_date,"Jul 3rd, 2020 11:25 am",2020-07-03 11:25:00,test
930,929,creation_date,"Jul 3rd, 2020 5:29 pm",2020-07-03 17:29:00,test
931,930,creation_date,"Jul 3rd, 2020 7:09 am",2020-07-03 07:09:00,train
932,931,creation_date,"Jul 3rd, 2020 3:44 pm",2020-07-03 15:44:00,train
933,932,creation_date,"Jul 3rd, 2020 12:44 pm",2020-07-03 12:44:00,train
934,933,creation_date,"Jun 16th, 2020 5:32 pm",2020-06-16 17:32:00,train
935,934,creation_date,"May 14th, 2020 9:47 pm",2020-05-14 21:47:00,test
936,935,creation_date,"Jul 3rd, 2020 11:22 am",2020-07-03 11:22:00,train
937,936,creation_date,"Jul 3rd, 2020 3:37 pm",2020-07-03 15:37:00,train
938,937,creation_date,"Jul 1st, 2020 12:46 pm",2020-07-01 12:46:00,train
939,938,creation_date,"Jun 29th, 2020 9:08 pm",2020-06-29 21:08:00,train
940,939,creation_date,"Jul 2nd, 2020 8:04 am",2020-07-02 08:04:00,train
941,940,creation_date,"Jul 3rd, 2020 12:59 pm",2020-07-03 12:59:00,train
942,941,creation_date,"May 24th, 2020 8:35 pm",2020-05-24 20:35:00,train
943,942,creation_date,"Jul 3rd, 2020 1:04 pm",2020-07-03 13:04:00,train
944,943,creation_date,"Jun 30th, 2020 6:39 am",2020-06-30 06:39:00,train
945,944,creation_date,"Jul 3rd, 2020 9:56 am",2020-07-03 09:56:00,train
946,945,creation_date,"Jul 3rd, 2020 9:40 am",2020-07-03 09:40:00,test
947,946,creation_date,"May 6th, 2020 11:46 am",2020-05-06 11:46:00,train
948,947,creation_date,"Jun 11th, 2020 10:03 am",2020-06-11 10:03:00,train
949,948,creation_date,"Jul 2nd, 2020 10:54 pm",2020-07-02 22:54:00,train
950,949,creation_date,"Jun 13th, 2020 6:00 am",2020-06-13 06:00:00,train
951,950,creation_date,"Jul 2nd, 2020 8:56 pm",2020-07-02 20:56:00,train
952,951,creation_date,"Jun 24th, 2020 1:17 pm",2020-06-24 13:17:00,train
953,952,creation_date,"Jun 25th, 2020 12:22 am",2020-06-25 00:22:00,test
954,953,creation_date,"Jul 2nd, 2020 9:52 am",2020-07-02 09:52:00,train
955,954,creation_date,"Jul 2nd, 2020 6:51 pm",2020-07-02 18:51:00,train
956,955,creation_date,"Jul 2nd, 2020 7:51 pm",2020-07-02 19:51:00,train
957,956,creation_date,"Jul 2nd, 2020 3:23 pm",2020-07-02 15:23:00,train
958,957,creation_date,"Jun 30th, 2020 9:48 pm",2020-06-30 21:48:00,train
959,958,creation_date,"Jun 27th, 2020 6:19 am",2020-06-27 06:19:00,train
960,959,creation_date,"Jul 3rd, 2020 5:18 am",2020-07-03 05:18:00,test
961,960,creation_date,"Jun 23rd, 2020 11:11 am",2020-06-23 11:11:00,test
962,961,creation_date,"Jun 29th, 2020 1:32 am",2020-06-29 01:32:00,test
963,962,creation_date,"Jun 28th, 2020 12:31 pm",2020-06-28 12:31:00,train
964,963,creation_date,"Jul 2nd, 2020 10:41 pm",2020-07-02 22:41:00,train
965,964,creation_date,"Jun 30th, 2020 12:39 pm",2020-06-30 12:39:00,train
966,965,creation_date,"Jun 16th, 2020 10:00 am",2020-06-16 10:00:00,train
967,966,creation_date,"Jul 2nd, 2020 8:27 pm",2020-07-02 20:27:00,train
968,967,creation_date,"Jun 4th, 2020 5:09 pm",2020-06-04 17:09:00,train
969,968,creation_date,"Jun 19th, 2020 11:50 am",2020-06-19 11:50:00,train
970,969,creation_date,"Jul 2nd, 2020 10:26 am",2020-07-02 10:26:00,train
971,970,creation_date,"Jun 30th, 2020 7:14 pm",2020-06-30 19:14:00,train
972,971,creation_date,"Jun 3rd, 2020 4:50 pm",2020-06-03 16:50:00,train
973,972,creation_date,"Jul 2nd, 2020 1:58 pm",2020-07-02 13:58:00,train
974,973,creation_date,"Jun 26th, 2020 4:28 pm",2020-06-26 16:28:00,train
975,974,creation_date,"Jun 19th, 2020 1:50 pm",2020-06-19 13:50:00,test
976,975,creation_date,"Apr 13th, 2020 11:11 am",2020-04-13 11:11:00,train
977,976,creation_date,"Jul 1st, 2020 12:28 pm",2020-07-01 12:28:00,train
978,977,creation_date,"Jul 2nd, 2020 12:27 pm",2020-07-02 12:27:00,train
979,978,creation_date,"Jun 15th, 2020 7:43 pm",2020-06-15 19:43:00,train
980,979,creation_date,"Jun 30th, 2020 11:14 pm",2020-06-30 23:14:00,train
981,980,creation_date,"Jun 23rd, 2020 5:33 pm",2020-06-23 17:33:00,train
982,981,creation_date,"Jul 1st, 2020 10:22 pm",2020-07-01 22:22:00,train
983,982,creation_date,"Jun 11th, 2020 1:56 am",2020-06-11 01:56:00,train
984,983,creation_date,"Jun 15th, 2020 7:35 pm",2020-06-15 19:35:00,test
985,984,creation_date,"Apr 17th, 2020 3:05 pm",2020-04-17 15:05:00,train
986,985,creation_date,"Jul 1st, 2020 2:16 pm",2020-07-01 14:16:00,train
987,986,creation_date,"Jul 1st, 2020 11:36 am",2020-07-01 11:36:00,test
988,987,creation_date,"Jul 1st, 2020 8:38 am",2020-07-01 08:38:00,test
989,988,creation_date,"Jul 1st, 2020 11:16 am",2020-07-01 11:16:00,test
990,989,creation_date,"Jun 8th, 2020 8:34 am",2020-06-08 08:34:00,test
991,990,creation_date,"Jul 2nd, 2020 12:16 pm",2020-07-02 12:16:00,train
992,991,creation_date,"Jul 2nd, 2020 12:11 pm",2020-07-02 12:11:00,test
993,992,creation_date,"Jun 11th, 2020 12:26 pm",2020-06-11 12:26:00,test
994,993,creation_date,"Jun 14th, 2020 6:36 pm",2020-06-14 18:36:00,test
995,994,creation_date,"Jun 29th, 2020 8:29 pm",2020-06-29 20:29:00,train
996,995,creation_date,"May 28th, 2020 8:39 am",2020-05-28 08:39:00,train
997,996,creation_date,"Jun 29th, 2020 8:13 pm",2020-06-29 20:13:00,train
998,997,creation_date,"Jun 24th, 2020 5:10 am",2020-06-24 05:10:00,train
999,998,creation_date,"Jul 1st, 2020 7:06 pm",2020-07-01 19:06:00,train
1000,999,creation_date,"May 25th, 2020 7:49 pm",2020-05-25 19:49:00,train
1001,1000,creation_date,"Jun 19th, 2020 11:36 am",2020-06-19 11:36:00,train
1002,1001,creation_date,"Jul 1st, 2020 11:22 pm",2020-07-01 23:22:00,train
1003,1002,creation_date,"Jun 27th, 2020 12:39 pm",2020-06-27 12:39:00,train
1004,1003,creation_date,"Jun 5th, 2020 6:11 pm",2020-06-05 18:11:00,train
1005,1004,creation_date,"Jul 1st, 2020 11:43 am",2020-07-01 11:43:00,test
1006,1005,creation_date,"May 21st, 2020 9:23 am",2020-05-21 09:23:00,train
1007,1006,creation_date,"Jul 1st, 2020 8:05 pm",2020-07-01 20:05:00,train
1008,1007,creation_date,"Jul 1st, 2020 7:36 pm",2020-07-01 19:36:00,test
1009,1008,creation_date,"Jun 30th, 2020 9:56 am",2020-06-30 09:56:00,train
1010,1009,creation_date,"Jul 1st, 2020 6:57 pm",2020-07-01 18:57:00,train
1011,1010,creation_date,"Jun 22nd, 2020 5:39 pm",2020-06-22 17:39:00,train
1012,1011,creation_date,"Jul 1st, 2020 6:22 pm",2020-07-01 18:22:00,train
1013,1012,creation_date,"Jun 15th, 2020 12:41 pm",2020-06-15 12:41:00,test
1014,1013,creation_date,"Jun 25th, 2020 12:33 pm",2020-06-25 12:33:00,test
1015,1014,creation_date,"Jul 1st, 2020 3:22 pm",2020-07-01 15:22:00,test
1016,1015,creation_date,"Jun 26th, 2020 10:24 am",2020-06-26 10:24:00,train
1017,1016,creation_date,"Jul 1st, 2020 1:06 am",2020-07-01 01:06:00,train
1018,1017,creation_date,"Jul 1st, 2020 12:42 pm",2020-07-01 12:42:00,test
1019,1018,creation_date,"Jul 1st, 2020 10:46 am",2020-07-01 10:46:00,train
1020,1019,creation_date,"Jun 25th, 2020 1:49 pm",2020-06-25 13:49:00,train
1021,1020,creation_date,"Jul 1st, 2020 7:13 am",2020-07-01 07:13:00,train
1022,1021,creation_date,"Jul 1st, 2020 11:54 am",2020-07-01 11:54:00,train
1023,1022,creation_date,"Jun 18th, 2020 10:54 am",2020-06-18 10:54:00,train
1024,1023,creation_date,"Jun 30th, 2020 8:06 pm",2020-06-30 20:06:00,train
1025,1024,creation_date,"Jun 26th, 2020 5:07 pm",2020-06-26 17:07:00,test
1026,1025,creation_date,"Jun 17th, 2020 11:43 am",2020-06-17 11:43:00,train
1027,1026,creation_date,"Jul 1st, 2020 1:20 pm",2020-07-01 13:20:00,train
1028,1027,creation_date,"Jul 1st, 2020 1:11 pm",2020-07-01 13:11:00,test
1029,1028,creation_date,"Jul 1st, 2020 8:19 am",2020-07-01 08:19:00,train
1030,1029,creation_date,"Jul 1st, 2020 12:41 pm",2020-07-01 12:41:00,train
1031,1030,creation_date,"Jun 30th, 2020 6:43 pm",2020-06-30 18:43:00,train
1032,1031,creation_date,"Jun 22nd, 2020 7:00 am",2020-06-22 07:00:00,train
1033,1032,creation_date,"Jun 30th, 2020 11:40 pm",2020-06-30 23:40:00,train
1034,1033,creation_date,"Jul 1st, 2020 11:18 am",2020-07-01 11:18:00,test
1035,1034,creation_date,"Jun 30th, 2020 11:53 am",2020-06-30 11:53:00,test
1036,1035,creation_date,"May 17th, 2020 1:14 pm",2020-05-17 13:14:00,train
1037,1036,creation_date,"Jun 24th, 2020 5:31 pm",2020-06-24 17:31:00,train
1038,1037,creation_date,"Jun 23rd, 2020 12:54 am",2020-06-23 00:54:00,train
1039,1038,creation_date,"Jun 30th, 2020 6:49 pm",2020-06-30 18:49:00,train
1040,1039,creation_date,"Jun 30th, 2020 4:32 pm",2020-06-30 16:32:00,train
1041,1040,creation_date,"Jul 1st, 2020 11:02 am",2020-07-01 11:02:00,train
1042,1041,creation_date,"Jul 1st, 2020 10:25 am",2020-07-01 10:25:00,train
1043,1042,creation_date,"Jun 30th, 2020 7:40 pm",2020-06-30 19:40:00,test
1044,1043,creation_date,"Jul 1st, 2020 7:57 am",2020-07-01 07:57:00,train
1045,1044,creation_date,"Jul 1st, 2020 7:26 am",2020-07-01 07:26:00,test
1046,1045,creation_date,"Jun 11th, 2020 8:57 pm",2020-06-11 20:57:00,train
1047,1046,creation_date,"Jun 30th, 2020 7:15 pm",2020-06-30 19:15:00,test
1048,1047,creation_date,"Jun 12th, 2020 10:58 am",2020-06-12 10:58:00,train
1049,1048,creation_date,"Jun 30th, 2020 7:55 pm",2020-06-30 19:55:00,test
1050,1049,creation_date,"Jul 1st, 2020 2:59 am",2020-07-01 02:59:00,test
1051,1050,creation_date,"Jul 1st, 2020 1:03 am",2020-07-01 01:03:00,train
1052,1051,creation_date,"Jun 27th, 2020 11:06 am",2020-06-27 11:06:00,test
1053,1052,creation_date,"Jun 23rd, 2020 5:59 pm",2020-06-23 17:59:00,test
1054,1053,creation_date,"Jun 29th, 2020 3:08 pm",2020-06-29 15:08:00,test
1055,1054,creation_date,"Jun 30th, 2020 11:49 pm",2020-06-30 23:49:00,train
1056,1055,creation_date,"Jun 8th, 2020 8:50 pm",2020-06-08 20:50:00,train
1057,1056,creation_date,"Jun 30th, 2020 12:50 pm",2020-06-30 12:50:00,train
1058,1057,creation_date,"Jun 30th, 2020 1:29 am",2020-06-30 01:29:00,test
1059,1058,creation_date,"Jun 4th, 2020 5:28 pm",2020-06-04 17:28:00,train
1060,1059,creation_date,"Jun 25th, 2020 3:54 pm",2020-06-25 15:54:00,train
1061,1060,creation_date,"Jun 30th, 2020 4:45 pm",2020-06-30 16:45:00,test
1062,1061,creation_date,"Jun 30th, 2020 6:52 pm",2020-06-30 18:52:00,train
1063,1062,creation_date,"Jun 28th, 2020 10:04 pm",2020-06-28 22:04:00,train
1064,1063,creation_date,"Jun 25th, 2020 10:10 am",2020-06-25 10:10:00,train
1065,1064,creation_date,"Jun 29th, 2020 8:04 am",2020-06-29 08:04:00,train
1066,1065,creation_date,"Jun 30th, 2020 5:11 pm",2020-06-30 17:11:00,train
1067,1066,creation_date,"Jun 30th, 2020 7:23 pm",2020-06-30 19:23:00,test
1068,1067,creation_date,"Jun 25th, 2020 8:55 pm",2020-06-25 20:55:00,train
1069,1068,creation_date,"Jun 27th, 2020 8:27 pm",2020-06-27 20:27:00,train
1070,1069,creation_date,"May 13th, 2020 10:17 am",2020-05-13 10:17:00,train
1071,1070,creation_date,"Jun 29th, 2020 1:27 pm",2020-06-29 13:27:00,test
1072,1071,creation_date,"Jun 25th, 2020 10:10 am",2020-06-25 10:10:00,train
1073,1072,creation_date,"Jun 30th, 2020 8:03 am",2020-06-30 08:03:00,train
1074,1073,creation_date,"Jun 29th, 2020 2:48 pm",2020-06-29 14:48:00,train
1075,1074,creation_date,"Jun 16th, 2020 10:16 pm",2020-06-16 22:16:00,train
1076,1075,creation_date,"Jun 30th, 2020 4:21 pm",2020-06-30 16:21:00,train
1077,1076,creation_date,"Jun 30th, 2020 6:59 am",2020-06-30 06:59:00,test
1078,1077,creation_date,"May 4th, 2020 3:05 pm",2020-05-04 15:05:00,test
1079,1078,creation_date,"Jun 14th, 2020 10:45 am",2020-06-14 10:45:00,train
1080,1079,creation_date,"Jun 30th, 2020 9:49 am",2020-06-30 09:49:00,train
1081,1080,creation_date,"Jun 30th, 2020 9:18 am",2020-06-30 09:18:00,train
1082,1081,creation_date,"Jun 30th, 2020 3:58 pm",2020-06-30 15:58:00,train
1083,1082,creation_date,"Jun 30th, 2020 12:02 pm",2020-06-30 12:02:00,train
1084,1083,creation_date,"Jun 30th, 2020 3:08 pm",2020-06-30 15:08:00,test
1085,1084,creation_date,"Jun 29th, 2020 6:26 pm",2020-06-29 18:26:00,train
1086,1085,creation_date,"Jun 9th, 2020 3:24 pm",2020-06-09 15:24:00,train
1087,1086,creation_date,"Jun 28th, 2020 8:48 pm",2020-06-28 20:48:00,train
1088,1087,creation_date,"Jun 30th, 2020 12:47 pm",2020-06-30 12:47:00,train
1089,1088,creation_date,"Jun 30th, 2020 1:59 pm",2020-06-30 13:59:00,test
1090,1089,creation_date,"Jun 30th, 2020 8:23 am",2020-06-30 08:23:00,train
1091,1090,creation_date,"Jun 30th, 2020 5:38 am",2020-06-30 05:38:00,train
1092,1091,creation_date,"Jun 26th, 2020 10:46 am",2020-06-26 10:46:00,test
1093,1092,creation_date,"Jun 30th, 2020 2:11 am",2020-06-30 02:11:00,test
1094,1093,creation_date,"Jun 27th, 2020 4:59 pm",2020-06-27 16:59:00,test
1095,1094,creation_date,"Jun 30th, 2020 11:37 am",2020-06-30 11:37:00,train
1096,1095,creation_date,"Jun 20th, 2020 9:39 am",2020-06-20 09:39:00,train
1097,1096,creation_date,"Jun 24th, 2020 9:01 am",2020-06-24 09:01:00,test
1098,1097,creation_date,"Jun 30th, 2020 10:21 am",2020-06-30 10:21:00,train
1099,1098,creation_date,"Jun 29th, 2020 3:49 pm",2020-06-29 15:49:00,train
1100,1099,creation_date,"Jun 27th, 2020 9:57 am",2020-06-27 09:57:00,train
1101,1100,creation_date,"Jun 29th, 2020 10:57 pm",2020-06-29 22:57:00,train
1102,1101,creation_date,"Jun 27th, 2020 10:46 am",2020-06-27 10:46:00,train
1103,1102,creation_date,"May 28th, 2020 12:07 pm",2020-05-28 12:07:00,train
1104,1103,creation_date,"Jun 30th, 2020 12:41 am",2020-06-30 00:41:00,test
1105,1104,creation_date,"Jun 28th, 2020 1:29 pm",2020-06-28 13:29:00,train
1106,1105,creation_date,"Jun 29th, 2020 2:49 pm",2020-06-29 14:49:00,train
1107,1106,creation_date,"Jun 30th, 2020 12:47 am",2020-06-30 00:47:00,test
1108,1107,creation_date,"Jun 29th, 2020 4:13 pm",2020-06-29 16:13:00,train
1109,1108,creation_date,"Jun 25th, 2020 6:46 pm",2020-06-25 18:46:00,test
1110,1109,creation_date,"Jun 29th, 2020 10:58 am",2020-06-29 10:58:00,test
1111,1110,creation_date,"Jun 29th, 2020 6:10 pm",2020-06-29 18:10:00,train
1112,1111,creation_date,"Jun 29th, 2020 7:24 am",2020-06-29 07:24:00,train
1113,1112,creation_date,"Jun 29th, 2020 12:54 am",2020-06-29 00:54:00,train
1114,1113,creation_date,"Jun 29th, 2020 9:46 pm",2020-06-29 21:46:00,test
1115,1114,creation_date,"Jun 24th, 2020 8:18 pm",2020-06-24 20:18:00,test
1116,1115,creation_date,"May 31st, 2020 2:25 pm",2020-05-31 14:25:00,train
1117,1116,creation_date,"Jun 29th, 2020 3:11 pm",2020-06-29 15:11:00,train
1118,1117,creation_date,"May 23rd, 2020 7:06 pm",2020-05-23 19:06:00,test
1119,1118,creation_date,"Jun 29th, 2020 7:36 pm",2020-06-29 19:36:00,test
1120,1119,creation_date,"Jun 24th, 2020 12:04 pm",2020-06-24 12:04:00,train
1121,1120,creation_date,"Jun 29th, 2020 9:34 am",2020-06-29 09:34:00,train
1122,1121,creation_date,"Jun 29th, 2020 6:14 pm",2020-06-29 18:14:00,train
1123,1122,creation_date,"Jun 25th, 2020 1:23 pm",2020-06-25 13:23:00,train
1124,1123,creation_date,"Jun 17th, 2020 9:37 pm",2020-06-17 21:37:00,train
1125,1124,creation_date,"Jun 18th, 2020 2:53 pm",2020-06-18 14:53:00,test
1126,1125,creation_date,"Jun 29th, 2020 12:55 pm",2020-06-29 12:55:00,train
1127,1126,creation_date,"Jun 29th, 2020 4:18 pm",2020-06-29 16:18:00,train
1128,1127,creation_date,"Jun 29th, 2020 3:08 pm",2020-06-29 15:08:00,test
1129,1128,creation_date,"Jun 29th, 2020 10:37 am",2020-06-29 10:37:00,train
1130,1129,creation_date,"Jun 29th, 2020 2:07 pm",2020-06-29 14:07:00,train
1131,1130,creation_date,"Jun 7th, 2020 12:52 am",2020-06-07 00:52:00,test
1132,1131,creation_date,"Jun 23rd, 2020 9:25 am",2020-06-23 09:25:00,test
1133,1132,creation_date,"Jun 15th, 2020 4:29 pm",2020-06-15 16:29:00,train
1134,1133,creation_date,"May 24th, 2020 10:43 pm",2020-05-24 22:43:00,test
1135,1134,creation_date,"Jun 26th, 2020 1:04 pm",2020-06-26 13:04:00,train
1136,1135,creation_date,"Jun 13th, 2020 3:47 pm",2020-06-13 15:47:00,train
1137,1136,creation_date,"Jun 28th, 2020 5:46 pm",2020-06-28 17:46:00,test
1138,1137,creation_date,"Jun 25th, 2020 11:34 am",2020-06-25 11:34:00,train
1139,1138,creation_date,"Jun 29th, 2020 9:43 am",2020-06-29 09:43:00,test
1140,1139,creation_date,"Jun 15th, 2020 6:34 pm",2020-06-15 18:34:00,train
1141,1140,creation_date,"Jun 28th, 2020 10:20 am",2020-06-28 10:20:00,train
1142,1141,creation_date,"Jun 29th, 2020 7:32 am",2020-06-29 07:32:00,test
1143,1142,creation_date,"Jun 1st, 2020 11:01 am",2020-06-01 11:01:00,train
1144,1143,creation_date,"Jun 29th, 2020 12:01 am",2020-06-29 00:01:00,train
1145,1144,creation_date,"Jun 21st, 2020 11:40 pm",2020-06-21 23:40:00,test
1146,1145,creation_date,"Jun 28th, 2020 10:00 pm",2020-06-28 22:00:00,train
1147,1146,creation_date,"Jun 11th, 2020 9:26 pm",2020-06-11 21:26:00,train
1148,1147,creation_date,"Jun 22nd, 2020 9:37 am",2020-06-22 09:37:00,train
1149,1148,creation_date,"Jun 4th, 2020 3:26 pm",2020-06-04 15:26:00,test
1150,1149,creation_date,"Jun 5th, 2020 4:41 pm",2020-06-05 16:41:00,test
1151,1150,creation_date,"Mar 19th, 2020 11:41 am",2020-03-19 11:41:00,train
1152,1151,creation_date,"Jun 28th, 2020 2:38 pm",2020-06-28 14:38:00,train
1153,1152,creation_date,"Jun 27th, 2020 7:47 pm",2020-06-27 19:47:00,test
1154,1153,creation_date,"Jun 28th, 2020 6:40 pm",2020-06-28 18:40:00,train
1155,1154,creation_date,"Jun 25th, 2020 6:35 pm",2020-06-25 18:35:00,train
1156,1155,creation_date,"Jun 22nd, 2020 10:58 am",2020-06-22 10:58:00,test
1157,1156,creation_date,"Jun 27th, 2020 12:55 pm",2020-06-27 12:55:00,train
1158,1157,creation_date,"Jun 28th, 2020 3:07 pm",2020-06-28 15:07:00,train
1159,1158,creation_date,"Jun 28th, 2020 11:50 am",2020-06-28 11:50:00,test
1160,1159,creation_date,"Jun 28th, 2020 9:38 am",2020-06-28 09:38:00,train
1161,1160,creation_date,"Jun 28th, 2020 11:42 am",2020-06-28 11:42:00,train
1162,1161,creation_date,"Jun 26th, 2020 10:20 am",2020-06-26 10:20:00,test
1163,1162,creation_date,"Jun 28th, 2020 3:27 pm",2020-06-28 15:27:00,test
1164,1163,creation_date,"Jun 26th, 2020 11:45 am",2020-06-26 11:45:00,test
1165,1164,creation_date,"Jun 28th, 2020 2:51 pm",2020-06-28 14:51:00,train
1166,1165,creation_date,"Jun 26th, 2020 3:11 am",2020-06-26 03:11:00,train
1167,1166,creation_date,"Jun 19th, 2020 1:48 am",2020-06-19 01:48:00,train
1168,1167,creation_date,"Jun 26th, 2020 7:23 am",2020-06-26 07:23:00,train
1169,1168,creation_date,"Jun 25th, 2020 9:28 am",2020-06-25 09:28:00,test
1170,1169,creation_date,"Jun 16th, 2020 4:56 am",2020-06-16 04:56:00,train
1171,1170,creation_date,"Jun 1st, 2020 10:41 pm",2020-06-01 22:41:00,train
1172,1171,creation_date,"Jun 27th, 2020 9:55 am",2020-06-27 09:55:00,test
1173,1172,creation_date,"Jun 28th, 2020 1:24 pm",2020-06-28 13:24:00,train
1174,1173,creation_date,"Jun 26th, 2020 10:35 pm",2020-06-26 22:35:00,train
1175,1174,creation_date,"Jun 27th, 2020 1:41 am",2020-06-27 01:41:00,train
1176,1175,creation_date,"Jun 21st, 2020 7:21 pm",2020-06-21 19:21:00,train
1177,1176,creation_date,"Jun 13th, 2020 2:01 pm",2020-06-13 14:01:00,train
1178,1177,creation_date,"Jun 26th, 2020 4:09 pm",2020-06-26 16:09:00,train
1179,1178,creation_date,"Jun 26th, 2020 1:09 pm",2020-06-26 13:09:00,test
1180,1179,creation_date,"Jun 23rd, 2020 9:33 am",2020-06-23 09:33:00,train
1181,1180,creation_date,"Jun 28th, 2020 10:47 am",2020-06-28 10:47:00,test
1182,1181,creation_date,"Jun 27th, 2020 1:05 am",2020-06-27 01:05:00,train
1183,1182,creation_date,"Jun 26th, 2020 9:28 pm",2020-06-26 21:28:00,train
1184,1183,creation_date,"Jun 28th, 2020 8:26 am",2020-06-28 08:26:00,train
1185,1184,creation_date,"Jun 27th, 2020 4:13 pm",2020-06-27 16:13:00,test
1186,1185,creation_date,"Jun 25th, 2020 8:48 pm",2020-06-25 20:48:00,train
1187,1186,creation_date,"Jun 27th, 2020 4:42 pm",2020-06-27 16:42:00,test
1188,1187,creation_date,"Jun 5th, 2020 12:07 pm",2020-06-05 12:07:00,train
1189,1188,creation_date,"Jun 26th, 2020 1:00 am",2020-06-26 01:00:00,train
1190,1189,creation_date,"Jun 27th, 2020 9:57 pm",2020-06-27 21:57:00,test
1191,1190,creation_date,"Jun 25th, 2020 11:23 pm",2020-06-25 23:23:00,train
1192,1191,creation_date,"Jun 27th, 2020 7:12 pm",2020-06-27 19:12:00,train
1193,1192,creation_date,"May 12th, 2020 5:09 pm",2020-05-12 17:09:00,train
1194,1193,creation_date,"Jun 27th, 2020 6:14 pm",2020-06-27 18:14:00,train
1195,1194,creation_date,"Jun 27th, 2020 8:12 pm",2020-06-27 20:12:00,test
1196,1195,creation_date,"Jun 16th, 2020 7:24 pm",2020-06-16 19:24:00,train
1197,1196,creation_date,"Jun 27th, 2020 7:42 pm",2020-06-27 19:42:00,test
1198,1197,creation_date,"Jun 27th, 2020 7:02 pm",2020-06-27 19:02:00,test
1199,1198,creation_date,"Jun 27th, 2020 6:15 pm",2020-06-27 18:15:00,train
1200,1199,creation_date,"Jun 27th, 2020 6:38 am",2020-06-27 06:38:00,test
1201,1200,creation_date,"Apr 12th, 2020 10:27 pm",2020-04-12 22:27:00,train
1202,1201,creation_date,"Jun 27th, 2020 1:01 pm",2020-06-27 13:01:00,test
1203,1202,creation_date,"Jun 25th, 2020 1:54 pm",2020-06-25 13:54:00,train
1204,1203,creation_date,"Jun 25th, 2020 3:21 pm",2020-06-25 15:21:00,test
1205,1204,creation_date,"Jun 27th, 2020 3:30 pm",2020-06-27 15:30:00,train
1206,1205,creation_date,"Jun 27th, 2020 1:39 pm",2020-06-27 13:39:00,train
1207,1206,creation_date,"Jun 27th, 2020 2:00 pm",2020-06-27 14:00:00,test
1208,1207,creation_date,"May 20th, 2020 4:27 am",2020-05-20 04:27:00,test
1209,1208,creation_date,"Jun 16th, 2020 10:02 am",2020-06-16 10:02:00,train
1210,1209,creation_date,"Jun 26th, 2020 9:03 pm",2020-06-26 21:03:00,train
1211,1210,creation_date,"Jun 27th, 2020 12:06 am",2020-06-27 00:06:00,train
1212,1211,creation_date,"Jun 27th, 2020 12:18 pm",2020-06-27 12:18:00,test
1213,1212,creation_date,"Jun 26th, 2020 9:58 pm",2020-06-26 21:58:00,test
1214,1213,creation_date,"Jun 26th, 2020 9:03 am",2020-06-26 09:03:00,train
1215,1214,creation_date,"Jun 27th, 2020 10:01 am",2020-06-27 10:01:00,test
1216,1215,creation_date,"Jun 12th, 2020 8:21 pm",2020-06-12 20:21:00,test
1217,1216,creation_date,"Jun 25th, 2020 10:34 am",2020-06-25 10:34:00,test
1218,1217,creation_date,"Jun 26th, 2020 8:54 pm",2020-06-26 20:54:00,train
1219,1218,creation_date,"Jun 26th, 2020 10:53 pm",2020-06-26 22:53:00,test
1220,1219,creation_date,"Jun 20th, 2020 2:55 am",2020-06-20 02:55:00,test
1221,1220,creation_date,"Jun 27th, 2020 1:02 am",2020-06-27 01:02:00,test
1222,1221,creation_date,"Jun 26th, 2020 12:57 pm",2020-06-26 12:57:00,train
1223,1222,creation_date,"Jun 4th, 2020 1:36 pm",2020-06-04 13:36:00,train
1224,1223,creation_date,"Jun 26th, 2020 8:50 pm",2020-06-26 20:50:00,train
1225,1224,creation_date,"Jun 20th, 2020 4:59 pm",2020-06-20 16:59:00,train
1226,1225,creation_date,"Jun 20th, 2020 3:14 pm",2020-06-20 15:14:00,test
1227,1226,creation_date,"Jun 27th, 2020 12:48 am",2020-06-27 00:48:00,train
1228,1227,creation_date,"Jun 26th, 2020 10:17 pm",2020-06-26 22:17:00,test
1229,1228,creation_date,"Jun 25th, 2020 9:54 pm",2020-06-25 21:54:00,test
1230,1229,creation_date,"Jun 26th, 2020 5:47 pm",2020-06-26 17:47:00,train
1231,1230,creation_date,"Jun 23rd, 2020 2:00 pm",2020-06-23 14:00:00,train
1232,1231,creation_date,"Jun 24th, 2020 9:49 pm",2020-06-24 21:49:00,train
1233,1232,creation_date,"Jun 26th, 2020 8:26 pm",2020-06-26 20:26:00,train
1234,1233,creation_date,"Jun 6th, 2020 7:40 pm",2020-06-06 19:40:00,train
1235,1234,creation_date,"Apr 29th, 2020 6:54 am",2020-04-29 06:54:00,train
1236,1235,creation_date,"Jun 26th, 2020 8:35 pm",2020-06-26 20:35:00,test
1237,1236,creation_date,"Jun 26th, 2020 5:06 pm",2020-06-26 17:06:00,train
1238,1237,creation_date,"Jun 10th, 2020 2:02 pm",2020-06-10 14:02:00,train
1239,1238,creation_date,"Mar 3rd, 2020 9:45 pm",2020-03-03 21:45:00,train
1240,1239,creation_date,"Jun 24th, 2020 6:12 am",2020-06-24 06:12:00,train
1241,1240,creation_date,"Jun 26th, 2020 7:40 pm",2020-06-26 19:40:00,train
1242,1241,creation_date,"Jun 26th, 2020 3:09 pm",2020-06-26 15:09:00,train
1243,1242,creation_date,"Jun 25th, 2020 12:05 pm",2020-06-25 12:05:00,test
1244,1243,creation_date,"Jun 26th, 2020 5:27 pm",2020-06-26 17:27:00,train
1245,1244,creation_date,"Jun 26th, 2020 7:29 am",2020-06-26 07:29:00,train
1246,1245,creation_date,"Jun 24th, 2020 7:07 am",2020-06-24 07:07:00,train
1247,1246,creation_date,"Jun 23rd, 2020 9:46 am",2020-06-23 09:46:00,test
1248,1247,creation_date,"Jun 26th, 2020 10:03 am",2020-06-26 10:03:00,test
1249,1248,creation_date,"Jun 24th, 2020 4:33 pm",2020-06-24 16:33:00,test
1250,1249,creation_date,"Jun 26th, 2020 9:52 am",2020-06-26 09:52:00,test
1251,1250,creation_date,"Jun 26th, 2020 5:01 pm",2020-06-26 17:01:00,test
1252,1251,creation_date,"Jun 26th, 2020 4:47 pm",2020-06-26 16:47:00,test
1253,1252,creation_date,"Jun 25th, 2020 6:54 pm",2020-06-25 18:54:00,train
1254,1253,creation_date,"Jun 26th, 2020 4:39 pm",2020-06-26 16:39:00,train
1255,1254,creation_date,"Jun 26th, 2020 1:23 pm",2020-06-26 13:23:00,test
1256,1255,creation_date,"Jun 24th, 2020 2:33 pm",2020-06-24 14:33:00,train
1257,1256,creation_date,"Jun 26th, 2020 10:17 am",2020-06-26 10:17:00,test
1258,1257,creation_date,"Jun 26th, 2020 4:10 pm",2020-06-26 16:10:00,train
1259,1258,creation_date,"Jun 26th, 2020 1:53 pm",2020-06-26 13:53:00,test
1260,1259,creation_date,"Jun 26th, 2020 2:25 pm",2020-06-26 14:25:00,train
1261,1260,creation_date,"Jun 24th, 2020 11:01 am",2020-06-24 11:01:00,train
1262,1261,creation_date,"Jun 25th, 2020 10:12 pm",2020-06-25 22:12:00,test
1263,1262,creation_date,"Jun 26th, 2020 8:46 am",2020-06-26 08:46:00,train
1264,1263,creation_date,"Jun 26th, 2020 1:26 pm",2020-06-26 13:26:00,train
1265,1264,creation_date,"Jun 22nd, 2020 5:18 pm",2020-06-22 17:18:00,train
1266,1265,creation_date,"Jun 26th, 2020 2:22 pm",2020-06-26 14:22:00,test
1267,1266,creation_date,"Jun 10th, 2020 12:58 pm",2020-06-10 12:58:00,train
1268,1267,creation_date,"Jun 26th, 2020 12:35 am",2020-06-26 00:35:00,train
1269,1268,creation_date,"Jun 21st, 2020 8:36 pm",2020-06-21 20:36:00,test
1270,1269,creation_date,"Jun 24th, 2020 5:40 pm",2020-06-24 17:40:00,train
1271,1270,creation_date,"Jun 21st, 2020 5:03 am",2020-06-21 05:03:00,test
1272,1271,creation_date,"Jun 26th, 2020 1:04 pm",2020-06-26 13:04:00,test
1273,1272,creation_date,"Jun 26th, 2020 8:44 am",2020-06-26 08:44:00,train
1274,1273,creation_date,"Jun 25th, 2020 10:06 pm",2020-06-25 22:06:00,train
1275,1274,creation_date,"Jun 11th, 2020 4:32 am",2020-06-11 04:32:00,test
1276,1275,creation_date,"Apr 4th, 2020 9:59 am",2020-04-04 09:59:00,train
1277,1276,creation_date,"Jun 20th, 2020 7:37 am",2020-06-20 07:37:00,train
1278,1277,creation_date,"Jun 26th, 2020 12:12 am",2020-06-26 00:12:00,train
1279,1278,creation_date,"Jun 25th, 2020 3:15 pm",2020-06-25 15:15:00,train
1280,1279,creation_date,"Jun 15th, 2020 3:36 pm",2020-06-15 15:36:00,train
1281,1280,creation_date,"Jun 26th, 2020 10:20 am",2020-06-26 10:20:00,train
1282,1281,creation_date,"Jun 24th, 2020 7:13 pm",2020-06-24 19:13:00,train
1283,1282,creation_date,"Jun 12th, 2020 10:32 am",2020-06-12 10:32:00,train
1284,1283,creation_date,"Jun 26th, 2020 8:47 am",2020-06-26 08:47:00,train
1285,1284,creation_date,"Jun 12th, 2020 3:36 am",2020-06-12 03:36:00,train
1286,1285,creation_date,"Jun 25th, 2020 5:52 pm",2020-06-25 17:52:00,train
1287,1286,creation_date,"Jun 23rd, 2020 3:45 am",2020-06-23 03:45:00,train
1288,1287,creation_date,"Jun 26th, 2020 12:55 am",2020-06-26 00:55:00,test
1289,1288,creation_date,"Jun 26th, 2020 12:00 am",2020-06-26 00:00:00,train
1290,1289,creation_date,"Jun 24th, 2020 6:34 pm",2020-06-24 18:34:00,test
1291,1290,creation_date,"Jun 21st, 2020 1:52 pm",2020-06-21 13:52:00,train
1292,1291,creation_date,"Jun 25th, 2020 6:31 pm",2020-06-25 18:31:00,train
1293,1292,creation_date,"Jun 23rd, 2020 8:12 am",2020-06-23 08:12:00,test
1294,1293,creation_date,"Jun 4th, 2020 6:30 pm",2020-06-04 18:30:00,test
1295,1294,creation_date,"Jun 5th, 2020 5:36 pm",2020-06-05 17:36:00,train
1296,1295,creation_date,"Jun 23rd, 2020 10:33 am",2020-06-23 10:33:00,test
1297,1296,creation_date,"Jun 25th, 2020 8:49 pm",2020-06-25 20:49:00,train
1298,1297,creation_date,"Jun 25th, 2020 10:06 am",2020-06-25 10:06:00,train
1299,1298,creation_date,"Jun 25th, 2020 6:00 am",2020-06-25 06:00:00,train
1300,1299,creation_date,"Jun 25th, 2020 12:04 pm",2020-06-25 12:04:00,train
1301,1300,creation_date,"Jun 25th, 2020 2:25 pm",2020-06-25 14:25:00,train
1302,1301,creation_date,"Jun 23rd, 2020 4:23 pm",2020-06-23 16:23:00,test
1303,1302,creation_date,"Jun 25th, 2020 7:44 pm",2020-06-25 19:44:00,train
1304,1303,creation_date,"Jun 25th, 2020 10:56 am",2020-06-25 10:56:00,test
1305,1304,creation_date,"Jun 4th, 2020 2:57 pm",2020-06-04 14:57:00,train
1306,1305,creation_date,"Jun 25th, 2020 4:37 pm",2020-06-25 16:37:00,train
1307,1306,creation_date,"Jun 25th, 2020 6:56 pm",2020-06-25 18:56:00,test
1308,1307,creation_date,"Jun 25th, 2020 6:50 pm",2020-06-25 18:50:00,train
1309,1308,creation_date,"Jun 25th, 2020 9:57 am",2020-06-25 09:57:00,test
1310,1309,creation_date,"Jun 21st, 2020 10:50 am",2020-06-21 10:50:00,train
1311,1310,creation_date,"Jun 24th, 2020 10:19 am",2020-06-24 10:19:00,train
1312,1311,creation_date,"Jun 19th, 2020 10:14 am",2020-06-19 10:14:00,train
1313,1312,creation_date,"Jun 24th, 2020 9:48 pm",2020-06-24 21:48:00,train
1314,1313,creation_date,"Jun 25th, 2020 12:38 am",2020-06-25 00:38:00,test
1315,1314,creation_date,"Jun 4th, 2020 3:28 pm",2020-06-04 15:28:00,train
1316,1315,creation_date,"Jun 8th, 2020 9:56 am",2020-06-08 09:56:00,train
1317,1316,creation_date,"Jun 24th, 2020 7:14 pm",2020-06-24 19:14:00,train
1318,1317,creation_date,"Jun 25th, 2020 4:26 pm",2020-06-25 16:26:00,train
1319,1318,creation_date,"Jun 24th, 2020 10:49 pm",2020-06-24 22:49:00,train
1320,1319,creation_date,"Jun 24th, 2020 2:33 pm",2020-06-24 14:33:00,train
1321,1320,creation_date,"Jun 24th, 2020 5:46 pm",2020-06-24 17:46:00,train
1322,1321,creation_date,"Jun 22nd, 2020 4:43 pm",2020-06-22 16:43:00,train
1323,1322,creation_date,"Jun 13th, 2020 1:18 pm",2020-06-13 13:18:00,train
1324,1323,creation_date,"Apr 21st, 2020 2:36 pm",2020-04-21 14:36:00,train
1325,1324,creation_date,"Dec 25th, 2019 3:44 am",2019-12-25 03:44:00,train
4,4,expiry,"July 29, 2020",2020-07-29 00:00:00,train
12,12,expiry,"July 2, 2020",2020-07-02 00:00:00,train
33,33,expiry,"October 1, 2020",2020-10-01 00:00:00,train
35,35,expiry,"July 22, 2020",2020-07-22 00:00:00,test
37,37,expiry,"July 17, 2020",2020-07-17 00:00:00,train
38,38,expiry,"July 22, 2020",2020-07-22 00:00:00,train
44,44,expiry,"August 16, 2020",2020-08-16 00:00:00,test
47,47,expiry,"July 23, 2020",2020-07-23 00:00:00,train
57,57,expiry,"July 20, 2020",2020-07-20 00:00:00,train
62,62,expiry,"July 30, 2020",2020-07-30 00:00:00,train
67,67,expiry,"September 30, 2020",2020-09-30 00:00:00,test
75,75,expiry,"July 31, 2020",2020-07-31 00:00:00,test
79,79,expiry,"July 19, 2020",2020-07-19 00:00:00,train
86,86,expiry,"August 1, 2020",2020-08-01 00:00:00,test
91,91,expiry,"July 22, 2020",2020-07-22 00:00:00,test
92,92,expiry,"July 31, 2020",2020-07-31 00:00:00,test
93,93,expiry,"July 19, 2020",2020-07-19 00:00:00,test
95,95,expiry,"July 21, 2020",2020-07-21 00:00:00,train
101,101,expiry,"July 22, 2020",2020-07-22 00:00:00,train
104,104,expiry,"September 30, 2020",2020-09-30 00:00:00,train
105,105,expiry,"August 31, 2020",2020-08-31 00:00:00,train
106,106,expiry,"July 16, 2020",2020-07-16 00:00:00,train
109,109,expiry,"August 15, 2020",2020-08-15 00:00:00,train
114,114,expiry,"July 16, 2020",2020-07-16 00:00:00,train
122,122,expiry,"July 31, 2020",2020-07-31 00:00:00,test
125,125,expiry,"July 18, 2020",2020-07-18 00:00:00,test
127,127,expiry,"July 22, 2020",2020-07-22 00:00:00,train
128,128,expiry,"July 16, 2020",2020-07-16 00:00:00,train
129,129,expiry,"July 12, 2020",2020-07-12 00:00:00,test
132,132,expiry,"July 23, 2020",2020-07-23 00:00:00,train
137,137,expiry,"July 16, 2020",2020-07-16 00:00:00,train
142,142,expiry,"July 16, 2020",2020-07-16 00:00:00,train
143,143,expiry,"June 11, 2020",2020-06-11 00:00:00,train
144,144,expiry,"July 16, 2020",2020-07-16 00:00:00,train
150,150,expiry,"July 22, 2020",2020-07-22 00:00:00,train
158,158,expiry,"July 17, 2020",2020-07-17 00:00:00,test
160,160,expiry,"June 30, 2020",2020-06-30 00:00:00,train
171,171,expiry,"July 16, 2020",2020-07-16 00:00:00,train
173,173,expiry,"July 16, 2020",2020-07-16 00:00:00,test
174,174,expiry,"July 22, 2020",2020-07-22 00:00:00,train
176,176,expiry,"July 19, 2020",2020-07-19 00:00:00,train
180,180,expiry,"July 22, 2020",2020-07-22 00:00:00,test
181,181,expiry,"July 24, 2020",2020-07-24 00:00:00,train
183,183,expiry,"August 30, 2020",2020-08-30 00:00:00,test
184,184,expiry,"July 21, 2020",2020-07-21 00:00:00,train
185,185,expiry,"July 19, 2020",2020-07-19 00:00:00,train
186,186,expiry,"July 7, 2020",2020-07-07 00:00:00,test
187,187,expiry,"July 18, 2020",2020-07-18 00:00:00,train
189,189,expiry,"July 17, 2020",2020-07-17 00:00:00,train
190,190,expiry,"July 18, 2020",2020-07-18 00:00:00,train
206,206,expiry,"July 30, 2020",2020-07-30 00:00:00,train
207,207,expiry,"August 2, 2020",2020-08-02 00:00:00,train
211,211,expiry,"July 19, 2020",2020-07-19 00:00:00,train
214,214,expiry,"July 24, 2020",2020-07-24 00:00:00,train
218,218,expiry,"July 16, 2020",2020-07-16 00:00:00,test
219,219,expiry,"July 31, 2020",2020-07-31 00:00:00,train
221,221,expiry,"August 1, 2020",2020-08-01 00:00:00,test
223,223,expiry,"July 20, 2020",2020-07-20 00:00:00,train
224,224,expiry,"July 20, 2020",2020-07-20 00:00:00,test
226,226,expiry,"June 5, 2020",2020-06-05 00:00:00,train
234,234,expiry,"July 16, 2020",2020-07-16 00:00:00,test
236,236,expiry,"October 13, 2020",2020-10-13 00:00:00,train
240,240,expiry,"July 17, 2020",2020-07-17 00:00:00,train
241,241,expiry,"September 8, 2020",2020-09-08 00:00:00,train
243,243,expiry,"July 16, 2020",2020-07-16 00:00:00,train
246,246,expiry,"July 30, 2020",2020-07-30 00:00:00,train
249,249,expiry,"July 16, 2020",2020-07-16 00:00:00,train
263,263,expiry,"August 4, 2020",2020-08-04 00:00:00,train
274,274,expiry,"November 30, 2020",2020-11-30 00:00:00,test
280,280,expiry,"July 22, 2020",2020-07-22 00:00:00,train
288,288,expiry,"July 26, 2020",2020-07-26 00:00:00,train
292,292,expiry,"July 22, 2020",2020-07-22 00:00:00,train
293,293,expiry,"August 9, 2020",2020-08-09 00:00:00,test
294,294,expiry,"June 25, 2020",2020-06-25 00:00:00,train
296,296,expiry,"July 27, 2020",2020-07-27 00:00:00,train
300,300,expiry,"July 14, 2020",2020-07-14 00:00:00,train
306,306,expiry,"July 26, 2020",2020-07-26 00:00:00,train
307,307,expiry,"July 16, 2020",2020-07-16 00:00:00,train
308,308,expiry,"July 21, 2020",2020-07-21 00:00:00,train
314,314,expiry,"July 21, 2020",2020-07-21 00:00:00,test
315,315,expiry,"January 1, 2021",2021-01-01 00:00:00,test
316,316,expiry,"July 13, 2020",2020-07-13 00:00:00,test
317,317,expiry,"July 16, 2020",2020-07-16 00:00:00,train
320,320,expiry,"July 17, 2020",2020-07-17 00:00:00,train
321,321,expiry,"July 23, 2020",2020-07-23 00:00:00,train
322,322,expiry,"July 15, 2020",2020-07-15 00:00:00,test
324,324,expiry,"June 5, 2020",2020-06-05 00:00:00,train
331,330,expiry,"July 20, 2020",2020-07-20 00:00:00,train
336,335,expiry,"September 30, 2020",2020-09-30 00:00:00,test
337,336,expiry,"July 13, 2020",2020-07-13 00:00:00,train
340,339,expiry,"July 16, 2020",2020-07-16 00:00:00,train
344,343,expiry,"July 10, 2020",2020-07-10 00:00:00,train
353,352,expiry,"July 23, 2020",2020-07-23 00:00:00,train
356,355,expiry,"July 20, 2020",2020-07-20 00:00:00,train
357,356,expiry,"July 14, 2020",2020-07-14 00:00:00,train
364,363,expiry,"July 8, 2020",2020-07-08 00:00:00,train
365,364,expiry,"December 31, 2020",2020-12-31 00:00:00,train
369,368,expiry,"July 15, 2020",2020-07-15 00:00:00,test
370,369,expiry,"June 20, 2020",2020-06-20 00:00:00,train
371,370,expiry,"September 7, 2020",2020-09-07 00:00:00,train
376,375,expiry,"August 31, 2020",2020-08-31 00:00:00,test
377,376,expiry,"October 31, 2020",2020-10-31 00:00:00,test
378,377,expiry,"July 13, 2020",2020-07-13 00:00:00,test
382,381,expiry,"July 15, 2020",2020-07-15 00:00:00,test
391,390,expiry,"July 23, 2020",2020-07-23 00:00:00,train
395,394,expiry,"July 12, 2020",2020-07-12 00:00:00,train
402,401,expiry,"July 31, 2020",2020-07-31 00:00:00,train
404,403,expiry,"July 2, 2020",2020-07-02 00:00:00,test
410,409,expiry,"July 19, 2020",2020-07-19 00:00:00,train
413,412,expiry,"July 14, 2020",2020-07-14 00:00:00,train
416,415,expiry,"August 27, 2020",2020-08-27 00:00:00,test
420,419,expiry,"July 12, 2020",2020-07-12 00:00:00,train
427,426,expiry,"July 16, 2020",2020-07-16 00:00:00,test
429,428,expiry,"August 24, 2020",2020-08-24 00:00:00,train
430,429,expiry,"July 16, 2020",2020-07-16 00:00:00,train
432,431,expiry,"July 20, 2020",2020-07-20 00:00:00,train
433,432,expiry,"July 19, 2020",2020-07-19 00:00:00,test
434,433,expiry,"June 30, 2020",2020-06-30 00:00:00,train
443,442,expiry,"July 19, 2020",2020-07-19 00:00:00,train
444,443,expiry,"July 13, 2020",2020-07-13 00:00:00,train
445,444,expiry,"July 23, 2020",2020-07-23 00:00:00,train
446,445,expiry,"July 14, 2020",2020-07-14 00:00:00,train
451,450,expiry,"July 30, 2020",2020-07-30 00:00:00,train
453,452,expiry,"July 15, 2020",2020-07-15 00:00:00,train
456,455,expiry,"July 14, 2020",2020-07-14 00:00:00,train
458,457,expiry,"July 2, 2020",2020-07-02 00:00:00,test
462,461,expiry,"July 13, 2020",2020-07-13 00:00:00,train
466,465,expiry,"July 19, 2020",2020-07-19 00:00:00,train
467,466,expiry,"May 27, 2020",2020-05-27 00:00:00,test
474,473,expiry,"July 15, 2020",2020-07-15 00:00:00,train
477,476,expiry,"July 2, 2020",2020-07-02 00:00:00,test
478,477,expiry,"July 12, 2020",2020-07-12 00:00:00,train
482,481,expiry,"June 24, 2020",2020-06-24 00:00:00,train
492,491,expiry,"July 31, 2020",2020-07-31 00:00:00,train
493,492,expiry,"October 1, 2020",2020-10-01 00:00:00,train
494,493,expiry,"July 15, 2020",2020-07-15 00:00:00,train
500,499,expiry,"July 12, 2020",2020-07-12 00:00:00,test
502,501,expiry,"July 12, 2020",2020-07-12 00:00:00,train
503,502,expiry,"August 1, 2020",2020-08-01 00:00:00,train
509,508,expiry,"July 12, 2020",2020-07-12 00:00:00,train
516,515,expiry,"July 10, 2020",2020-07-10 00:00:00,train
524,523,expiry,"July 31, 2020",2020-07-31 00:00:00,train
528,527,expiry,"July 15, 2020",2020-07-15 00:00:00,test
531,530,expiry,"July 16, 2020",2020-07-16 00:00:00,train
535,534,expiry,"July 1, 2020",2020-07-01 00:00:00,train
543,542,expiry,"July 22, 2020",2020-07-22 00:00:00,train
548,547,expiry,"July 16, 2020",2020-07-16 00:00:00,train
555,554,expiry,"July 12, 2020",2020-07-12 00:00:00,test
564,563,expiry,"July 5, 2020",2020-07-05 00:00:00,test
566,565,expiry,"July 15, 2020",2020-07-15 00:00:00,train
567,566,expiry,"July 20, 2020",2020-07-20 00:00:00,train
570,569,expiry,"July 16, 2020",2020-07-16 00:00:00,test
575,574,expiry,"August 31, 2020",2020-08-31 00:00:00,train
578,577,expiry,"July 15, 2020",2020-07-15 00:00:00,test
579,578,expiry,"July 22, 2020",2020-07-22 00:00:00,train
585,584,expiry,"August 2, 2020",2020-08-02 00:00:00,train
587,586,expiry,"August 24, 2020",2020-08-24 00:00:00,train
588,587,expiry,"July 16, 2020",2020-07-16 00:00:00,train
592,591,expiry,"August 31, 2020",2020-08-31 00:00:00,test
593,592,expiry,"July 10, 2020",2020-07-10 00:00:00,train
595,594,expiry,"July 16, 2020",2020-07-16 00:00:00,test
596,595,expiry,"July 31, 2020",2020-07-31 00:00:00,train
597,596,expiry,"July 29, 2020",2020-07-29 00:00:00,train
599,598,expiry,"July 16, 2020",2020-07-16 00:00:00,test
601,600,expiry,"July 10, 2020",2020-07-10 00:00:00,train
603,602,expiry,"June 28, 2020",2020-06-28 00:00:00,train
612,611,expiry,"August 3, 2020",2020-08-03 00:00:00,train
613,612,expiry,"July 10, 2020",2020-07-10 00:00:00,train
615,614,expiry,"July 16, 2020",2020-07-16 00:00:00,train
619,618,expiry,"July 10, 2020",2020-07-10 00:00:00,train
620,619,expiry,"July 16, 2020",2020-07-16 00:00:00,test
624,623,expiry,"June 28, 2020",2020-06-28 00:00:00,test
630,629,expiry,"March 1, 2020",2020-03-01 00:00:00,train
633,632,expiry,"July 12, 2020",2020-07-12 00:00:00,train
636,635,expiry,"July 19, 2020",2020-07-19 00:00:00,train
638,637,expiry,"July 10, 2020",2020-07-10 00:00:00,test
642,641,expiry,"July 16, 2020",2020-07-16 00:00:00,train
643,642,expiry,"July 23, 2020",2020-07-23 00:00:00,train
651,650,expiry,"May 31, 2020",2020-05-31 00:00:00,train
658,657,expiry,"July 10, 2020",2020-07-10 00:00:00,train
666,665,expiry,"July 14, 2020",2020-07-14 00:00:00,test
668,667,expiry,"July 6, 2020",2020-07-06 00:00:00,train
673,672,expiry,"July 9, 2020",2020-07-09 00:00:00,test
684,683,expiry,"July 9, 2020",2020-07-09 00:00:00,train
688,687,expiry,"July 2, 2020",2020-07-02 00:00:00,train
695,694,expiry,"August 31, 2020",2020-08-31 00:00:00,train
696,695,expiry,"July 12, 2020",2020-07-12 00:00:00,test
704,703,expiry,"July 14, 2020",2020-07-14 00:00:00,test
712,711,expiry,"July 19, 2020",2020-07-19 00:00:00,train
717,716,expiry,"July 15, 2020",2020-07-15 00:00:00,train
724,723,expiry,"July 31, 2020",2020-07-31 00:00:00,train
727,726,expiry,"June 4, 2020",2020-06-04 00:00:00,train
733,732,expiry,"July 7, 2020",2020-07-07 00:00:00,test
734,733,expiry,"July 9, 2020",2020-07-09 00:00:00,train
736,735,expiry,"July 9, 2020",2020-07-09 00:00:00,train
741,740,expiry,"June 11, 2020",2020-06-11 00:00:00,train
744,743,expiry,"July 9, 2020",2020-07-09 00:00:00,train
751,750,expiry,"July 7, 2020",2020-07-07 00:00:00,test
761,760,expiry,"June 24, 2020",2020-06-24 00:00:00,test
765,764,expiry,"July 9, 2020",2020-07-09 00:00:00,test
769,768,expiry,"July 8, 2020",2020-07-08 00:00:00,test
770,769,expiry,"July 7, 2020",2020-07-07 00:00:00,train
773,772,expiry,"July 19, 2020",2020-07-19 00:00:00,train
776,775,expiry,"September 25, 2020",2020-09-25 00:00:00,train
781,780,expiry,"July 2, 2020",2020-07-02 00:00:00,train
788,787,expiry,"July 12, 2020",2020-07-12 00:00:00,train
789,788,expiry,"July 19, 2020",2020-07-19 00:00:00,train
790,789,expiry,"July 31, 2020",2020-07-31 00:00:00,train
793,792,expiry,"July 9, 2020",2020-07-09 00:00:00,train
795,794,expiry,"July 5, 2020",2020-07-05 00:00:00,test
799,798,expiry,"July 10, 2020",2020-07-10 00:00:00,train
800,799,expiry,"July 19, 2020",2020-07-19 00:00:00,train
802,801,expiry,"July 12, 2020",2020-07-12 00:00:00,train
808,807,expiry,"September 30, 2020",2020-09-30 00:00:00,train
809,808,expiry,"July 19, 2020",2020-07-19 00:00:00,test
816,815,expiry,"July 17, 2020",2020-07-17 00:00:00,test
820,819,expiry,"July 31, 2020",2020-07-31 00:00:00,test
821,820,expiry,"July 1, 2020",2020-07-01 00:00:00,train
822,821,expiry,"July 19, 2020",2020-07-19 00:00:00,train
826,825,expiry,"July 9, 2020",2020-07-09 00:00:00,train
830,829,expiry,"July 8, 2020",2020-07-08 00:00:00,train
831,830,expiry,"July 19, 2020",2020-07-19 00:00:00,train
833,832,expiry,"July 5, 2020",2020-07-05 00:00:00,test
834,833,expiry,"September 11, 2020",2020-09-11 00:00:00,train
837,836,expiry,"July 19, 2020",2020-07-19 00:00:00,train
840,839,expiry,"July 8, 2020",2020-07-08 00:00:00,train
845,844,expiry,"July 8, 2020",2020-07-08 00:00:00,test
849,848,expiry,"August 31, 2020",2020-08-31 00:00:00,train
852,851,expiry,"July 6, 2020",2020-07-06 00:00:00,test
857,856,expiry,"July 6, 2020",2020-07-06 00:00:00,train
859,858,expiry,"August 5, 2020",2020-08-05 00:00:00,train
869,868,expiry,"July 5, 2020",2020-07-05 00:00:00,test
870,869,expiry,"July 31, 2020",2020-07-31 00:00:00,train
873,872,expiry,"July 6, 2020",2020-07-06 00:00:00,train
874,873,expiry,"August 2, 2020",2020-08-02 00:00:00,train
877,876,expiry,"July 9, 2020",2020-07-09 00:00:00,train
879,878,expiry,"June 23, 2020",2020-06-23 00:00:00,train
880,879,expiry,"August 31, 2020",2020-08-31 00:00:00,train
882,881,expiry,"July 8, 2020",2020-07-08 00:00:00,test
887,886,expiry,"August 2, 2020",2020-08-02 00:00:00,train
890,889,expiry,"August 31, 2020",2020-08-31 00:00:00,train
893,892,expiry,"September 7, 2020",2020-09-07 00:00:00,train
895,894,expiry,"August 31, 2020",2020-08-31 00:00:00,train
896,895,expiry,"July 9, 2020",2020-07-09 00:00:00,test
897,896,expiry,"July 9, 2020",2020-07-09 00:00:00,train
902,901,expiry,"June 30, 2020",2020-06-30 00:00:00,test
911,910,expiry,"July 5, 2020",2020-07-05 00:00:00,train
912,911,expiry,"July 5, 2020",2020-07-05 00:00:00,train
917,916,expiry,"June 30, 2020",2020-06-30 00:00:00,train
918,917,expiry,"July 2, 2020",2020-07-02 00:00:00,test
920,919,expiry,"July 8, 2020",2020-07-08 00:00:00,train
924,923,expiry,"September 21, 2020",2020-09-21 00:00:00,train
925,924,expiry,"July 2, 2020",2020-07-02 00:00:00,train
938,937,expiry,"July 7, 2020",2020-07-07 00:00:00,train
945,944,expiry,"July 9, 2020",2020-07-09 00:00:00,train
948,947,expiry,"July 1, 2020",2020-07-01 00:00:00,train
949,948,expiry,"July 8, 2020",2020-07-08 00:00:00,train
954,953,expiry,"July 12, 2020",2020-07-12 00:00:00,train
960,959,expiry,"July 3, 2020",2020-07-03 00:00:00,train
963,962,expiry,"July 1, 2020",2020-07-01 00:00:00,train
965,964,expiry,"July 10, 2020",2020-07-10 00:00:00,train
966,965,expiry,"June 26, 2020",2020-06-26 00:00:00,train
971,970,expiry,"July 2, 2020",2020-07-02 00:00:00,train
974,973,expiry,"July 2, 2020",2020-07-02 00:00:00,test
975,974,expiry,"June 24, 2020",2020-06-24 00:00:00,train
986,985,expiry,"July 31, 2020",2020-07-31 00:00:00,test
1001,1000,expiry,"July 2, 2020",2020-07-02 00:00:00,test
1008,1007,expiry,"July 31, 2020",2020-07-31 00:00:00,test
1012,1011,expiry,"July 1, 2020",2020-07-01 00:00:00,test
1021,1020,expiry,"July 1, 2020",2020-07-01 00:00:00,test
1027,1026,expiry,"July 5, 2020",2020-07-05 00:00:00,train
1028,1027,expiry,"July 2, 2020",2020-07-02 00:00:00,train
1034,1033,expiry,"July 4, 2020",2020-07-04 00:00:00,train
1035,1034,expiry,"July 3, 2020",2020-07-03 00:00:00,train
1037,1036,expiry,"July 2, 2020",2020-07-02 00:00:00,test
1042,1041,expiry,"July 1, 2020",2020-07-01 00:00:00,train
1045,1044,expiry,"July 2, 2020",2020-07-02 00:00:00,train
1052,1051,expiry,"June 28, 2020",2020-06-28 00:00:00,train
1054,1053,expiry,"July 2, 2020",2020-07-02 00:00:00,train
1057,1056,expiry,"July 7, 2020",2020-07-07 00:00:00,train
1058,1057,expiry,"July 2, 2020",2020-07-02 00:00:00,train
1060,1059,expiry,"June 25, 2020",2020-06-25 00:00:00,test
1064,1063,expiry,"July 1, 2020",2020-07-01 00:00:00,train
1067,1066,expiry,"July 2, 2020",2020-07-02 00:00:00,train
1070,1069,expiry,"May 31, 2020",2020-05-31 00:00:00,train
1072,1071,expiry,"June 30, 2020",2020-06-30 00:00:00,test
1075,1074,expiry,"June 30, 2020",2020-06-30 00:00:00,train
1076,1075,expiry,"July 1, 2020",2020-07-01 00:00:00,test
1078,1077,expiry,"June 30, 2020",2020-06-30 00:00:00,test
1081,1080,expiry,"July 2, 2020",2020-07-02 00:00:00,train
1083,1082,expiry,"July 2, 2020",2020-07-02 00:00:00,test
1089,1088,expiry,"July 1, 2020",2020-07-01 00:00:00,test
1090,1089,expiry,"July 5, 2020",2020-07-05 00:00:00,train
1097,1096,expiry,"July 1, 2020",2020-07-01 00:00:00,train
1098,1097,expiry,"July 31, 2020",2020-07-31 00:00:00,test
1101,1100,expiry,"June 30, 2020",2020-06-30 00:00:00,test
1103,1102,expiry,"July 6, 2020",2020-07-06 00:00:00,train
1104,1103,expiry,"July 5, 2020",2020-07-05 00:00:00,test
1106,1105,expiry,"July 5, 2020",2020-07-05 00:00:00,train
1107,1106,expiry,"July 5, 2020",2020-07-05 00:00:00,train
1111,1110,expiry,"June 30, 2020",2020-06-30 00:00:00,train
1112,1111,expiry,"August 2, 2020",2020-08-02 00:00:00,train
1114,1113,expiry,"June 30, 2020",2020-06-30 00:00:00,test
1115,1114,expiry,"July 6, 2020",2020-07-06 00:00:00,train
1119,1118,expiry,"July 13, 2020",2020-07-13 00:00:00,test
1129,1128,expiry,"August 5, 2020",2020-08-05 00:00:00,train
1131,1130,expiry,"June 12, 2020",2020-06-12 00:00:00,test
1132,1131,expiry,"June 29, 2020",2020-06-29 00:00:00,train
1135,1134,expiry,"September 7, 2020",2020-09-07 00:00:00,train
1138,1137,expiry,"July 1, 2020",2020-07-01 00:00:00,test
1139,1138,expiry,"July 9, 2020",2020-07-09 00:00:00,train
1143,1142,expiry,"June 30, 2020",2020-06-30 00:00:00,test
1144,1143,expiry,"July 15, 2020",2020-07-15 00:00:00,train
1145,1144,expiry,"June 25, 2020",2020-06-25 00:00:00,train
1148,1147,expiry,"June 28, 2020",2020-06-28 00:00:00,test
1150,1149,expiry,"July 2, 2020",2020-07-02 00:00:00,train
1166,1165,expiry,"July 4, 2020",2020-07-04 00:00:00,test
1167,1166,expiry,"June 22, 2020",2020-06-22 00:00:00,train
1168,1167,expiry,"July 2, 2020",2020-07-02 00:00:00,test
1174,1173,expiry,"July 26, 2020",2020-07-26 00:00:00,test
1176,1175,expiry,"June 21, 2020",2020-06-21 00:00:00,train
1184,1183,expiry,"June 30, 2020",2020-06-30 00:00:00,train
1185,1184,expiry,"July 9, 2020",2020-07-09 00:00:00,train
1187,1186,expiry,"July 2, 2020",2020-07-02 00:00:00,train
1189,1188,expiry,"June 30, 2020",2020-06-30 00:00:00,train
1195,1194,expiry,"June 29, 2020",2020-06-29 00:00:00,test
1198,1197,expiry,"June 28, 2020",2020-06-28 00:00:00,train
1209,1208,expiry,"June 21, 2020",2020-06-21 00:00:00,train
1210,1209,expiry,"July 2, 2020",2020-07-02 00:00:00,train
1215,1214,expiry,"June 30, 2020",2020-06-30 00:00:00,train
1219,1218,expiry,"July 2, 2020",2020-07-02 00:00:00,test
1220,1219,expiry,"June 30, 2020",2020-06-30 00:00:00,train
1224,1223,expiry,"July 2, 2020",2020-07-02 00:00:00,train
1228,1227,expiry,"July 1, 2020",2020-07-01 00:00:00,train
1229,1228,expiry,"July 8, 2020",2020-07-08 00:00:00,train
1230,1229,expiry,"June 28, 2020",2020-06-28 00:00:00,train
1232,1231,expiry,"June 30, 2020",2020-06-30 00:00:00,test
1236,1235,expiry,"July 1, 2020",2020-07-01 00:00:00,train
1237,1236,expiry,"June 28, 2020",2020-06-28 00:00:00,test
1240,1239,expiry,"July 1, 2020",2020-07-01 00:00:00,train
1243,1242,expiry,"July 2, 2020",2020-07-02 00:00:00,train
1245,1244,expiry,"June 29, 2020",2020-06-29 00:00:00,test
1246,1245,expiry,"July 9, 2020",2020-07-09 00:00:00,train
1247,1246,expiry,"July 1, 2020",2020-07-01 00:00:00,train
1250,1249,expiry,"July 2, 2020",2020-07-02 00:00:00,test
1255,1254,expiry,"August 2, 2020",2020-08-02 00:00:00,train
1273,1272,expiry,"June 28, 2020",2020-06-28 00:00:00,test
1275,1274,expiry,"December 1, 2020",2020-12-01 00:00:00,train
1277,1276,expiry,"June 25, 2020",2020-06-25 00:00:00,train
1278,1277,expiry,"July 2, 2020",2020-07-02 00:00:00,train
1282,1281,expiry,"July 9, 2020",2020-07-09 00:00:00,train
1283,1282,expiry,"July 2, 2020",2020-07-02 00:00:00,train
1287,1286,expiry,"June 28, 2020",2020-06-28 00:00:00,train
1290,1289,expiry,"June 25, 2020",2020-06-25 00:00:00,test
1298,1297,expiry,"June 28, 2020",2020-06-28 00:00:00,train
1299,1298,expiry,"June 28, 2020",2020-06-28 00:00:00,test
1304,1303,expiry,"June 26, 2020",2020-06-26 00:00:00,train
1305,1304,expiry,"June 15, 2020",2020-06-15 00:00:00,test
1306,1305,expiry,"June 28, 2020",2020-06-28 00:00:00,train
1313,1312,expiry,"July 23, 2020",2020-07-23 00:00:00,train
1314,1313,expiry,"July 2, 2020",2020-07-02 00:00:00,train
1320,1319,expiry,"June 30, 2020",2020-06-30 00:00:00,train
1323,1322,expiry,"September 1, 2020",2020-09-01 00:00:00,test
1324,1323,expiry,"May 3, 2020",2020-05-03 00:00:00,test
0,0,last_reply,"Jul 17th, 2020 9:20 am",2020-07-17 09:20:00,train
1,1,last_reply,"Jul 17th, 2020 9:18 am",2020-07-17 09:18:00,test
2,2,last_reply,"Jul 17th, 2020 9:17 am",2020-07-17 09:17:00,test
3,3,last_reply,"Jul 17th, 2020 9:15 am",2020-07-17 09:15:00,train
4,4,last_reply,"Jul 17th, 2020 9:15 am",2020-07-17 09:15:00,train
5,5,last_reply,"Jul 17th, 2020 9:15 am",2020-07-17 09:15:00,train
6,6,last_reply,"Jul 17th, 2020 9:14 am",2020-07-17 09:14:00,test
7,7,last_reply,"Jul 17th, 2020 9:14 am",2020-07-17 09:14:00,train
8,8,last_reply,"Jul 17th, 2020 9:13 am",2020-07-17 09:13:00,test
9,9,last_reply,"Jul 17th, 2020 9:13 am",2020-07-17 09:13:00,train
10,10,last_reply,"Jul 17th, 2020 9:12 am",2020-07-17 09:12:00,test
11,11,last_reply,"Jul 17th, 2020 9:12 am",2020-07-17 09:12:00,test
12,12,last_reply,"Jul 17th, 2020 9:11 am",2020-07-17 09:11:00,train
13,13,last_reply,"Jul 17th, 2020 9:11 am",2020-07-17 09:11:00,test
14,14,last_reply,"Jul 17th, 2020 9:10 am",2020-07-17 09:10:00,train
15,15,last_reply,"Jul 17th, 2020 9:10 am",2020-07-17 09:10:00,train
16,16,last_reply,"Jul 17th, 2020 9:09 am",2020-07-17 09:09:00,train
17,17,last_reply,"Jul 17th, 2020 9:08 am",2020-07-17 09:08:00,train
18,18,last_reply,"Jul 17th, 2020 9:05 am",2020-07-17 09:05:00,test
19,19,last_reply,"Jul 17th, 2020 9:04 am",2020-07-17 09:04:00,train
20,20,last_reply,"Jul 17th, 2020 8:59 am",2020-07-17 08:59:00,test
21,21,last_reply,"Jul 17th, 2020 8:55 am",2020-07-17 08:55:00,test
22,22,last_reply,"Jul 17th, 2020 8:55 am",2020-07-17 08:55:00,train
26,26,last_reply,"Jul 17th, 2020 8:43 am",2020-07-17 08:43:00,test
27,27,last_reply,"Jul 17th, 2020 8:42 am",2020-07-17 08:42:00,train
33,33,last_reply,"Jul 17th, 2020 8:36 am",2020-07-17 08:36:00,train
34,34,last_reply,"Jul 17th, 2020 8:36 am",2020-07-17 08:36:00,train
35,35,last_reply,"Jul 17th, 2020 8:34 am",2020-07-17 08:34:00,test
36,36,last_reply,"Jul 17th, 2020 8:33 am",2020-07-17 08:33:00,train
37,37,last_reply,"Jul 17th, 2020 8:31 am",2020-07-17 08:31:00,train
38,38,last_reply,"Jul 17th, 2020 8:31 am",2020-07-17 08:31:00,train
39,39,last_reply,"Jul 17th, 2020 8:31 am",2020-07-17 08:31:00,train
40,40,last_reply,"Jul 17th, 2020 8:31 am",2020-07-17 08:31:00,train
41,41,last_reply,"Jul 17th, 2020 8:30 am",2020-07-17 08:30:00,train
42,42,last_reply,"Jul 17th, 2020 8:28 am",2020-07-17 08:28:00,test
43,43,last_reply,"Jul 17th, 2020 8:23 am",2020-07-17 08:23:00,train
44,44,last_reply,"Jul 17th, 2020 8:22 am",2020-07-17 08:22:00,train
45,45,last_reply,"Jul 17th, 2020 8:20 am",2020-07-17 08:20:00,train
46,46,last_reply,"Jul 17th, 2020 8:18 am",2020-07-17 08:18:00,train
47,47,last_reply,"Jul 17th, 2020 8:12 am",2020-07-17 08:12:00,train
48,48,last_reply,"Jul 17th, 2020 8:12 am",2020-07-17 08:12:00,train
49,49,last_reply,"Jul 17th, 2020 8:02 am",2020-07-17 08:02:00,train
50,50,last_reply,"Jul 17th, 2020 7:48 am",2020-07-17 07:48:00,test
51,51,last_reply,"Jul 17th, 2020 7:16 am",2020-07-17 07:16:00,train
52,52,last_reply,"Jul 17th, 2020 6:52 am",2020-07-17 06:52:00,train
53,53,last_reply,"Jul 17th, 2020 6:46 am",2020-07-17 06:46:00,train
54,54,last_reply,"Jul 17th, 2020 6:21 am",2020-07-17 06:21:00,train
55,55,last_reply,"Jul 17th, 2020 6:20 am",2020-07-17 06:20:00,train
56,56,last_reply,"Jul 17th, 2020 6:17 am",2020-07-17 06:17:00,train
57,57,last_reply,"Jul 17th, 2020 5:36 am",2020-07-17 05:36:00,train
60,60,last_reply,"Jul 17th, 2020 5:31 am",2020-07-17 05:31:00,test
61,61,last_reply,"Jul 17th, 2020 5:30 am",2020-07-17 05:30:00,train
62,62,last_reply,"Jul 17th, 2020 4:39 am",2020-07-17 04:39:00,train
63,63,last_reply,"Jul 17th, 2020 4:38 am",2020-07-17 04:38:00,train
64,64,last_reply,"Jul 17th, 2020 4:23 am",2020-07-17 04:23:00,train
65,65,last_reply,"Jul 17th, 2020 4:20 am",2020-07-17 04:20:00,train
66,66,last_reply,"Jul 17th, 2020 4:15 am",2020-07-17 04:15:00,train
67,67,last_reply,"Jul 17th, 2020 4:01 am",2020-07-17 04:01:00,train
68,68,last_reply,"Jul 17th, 2020 3:49 am",2020-07-17 03:49:00,train
69,69,last_reply,"Jul 17th, 2020 3:17 am",2020-07-17 03:17:00,train
70,70,last_reply,"Jul 17th, 2020 3:15 am",2020-07-17 03:15:00,train
71,71,last_reply,"Jul 17th, 2020 3:13 am",2020-07-17 03:13:00,train
72,72,last_reply,"Jul 17th, 2020 3:02 am",2020-07-17 03:02:00,train
73,73,last_reply,"Jul 17th, 2020 2:41 am",2020-07-17 02:41:00,train
74,74,last_reply,"Jul 17th, 2020 2:08 am",2020-07-17 02:08:00,test
75,75,last_reply,"Jul 17th, 2020 2:06 am",2020-07-17 02:06:00,test
76,76,last_reply,"Jul 17th, 2020 1:58 am",2020-07-17 01:58:00,train
77,77,last_reply,"Jul 17th, 2020 1:53 am",2020-07-17 01:53:00,train
78,78,last_reply,"Jul 17th, 2020 1:34 am",2020-07-17 01:34:00,train
79,79,last_reply,"Jul 17th, 2020 1:21 am",2020-07-17 01:21:00,train
80,80,last_reply,"Jul 17th, 2020 1:16 am",2020-07-17 01:16:00,train
81,81,last_reply,"Jul 17th, 2020 1:12 am",2020-07-17 01:12:00,test
82,82,last_reply,"Jul 17th, 2020 1:03 am",2020-07-17 01:03:00,train
83,83,last_reply,"Jul 17th, 2020 12:57 am",2020-07-17 00:57:00,train
84,84,last_reply,"Jul 17th, 2020 12:33 am",2020-07-17 00:33:00,train
85,85,last_reply,"Jul 17th, 2020 12:26 am",2020-07-17 00:26:00,test
86,86,last_reply,"Jul 17th, 2020 12:26 am",2020-07-17 00:26:00,train
91,91,last_reply,"Jul 16th, 2020 11:58 pm",2020-07-16 23:58:00,train
92,92,last_reply,"Jul 16th, 2020 11:56 pm",2020-07-16 23:56:00,train
93,93,last_reply,"Jul 16th, 2020 11:56 pm",2020-07-16 23:56:00,train
94,94,last_reply,"Jul 16th, 2020 11:51 pm",2020-07-16 23:51:00,train
95,95,last_reply,"Jul 16th, 2020 11:47 pm",2020-07-16 23:47:00,train
96,96,last_reply,"Jul 16th, 2020 11:41 pm",2020-07-16 23:41:00,train
97,97,last_reply,"Jul 16th, 2020 11:26 pm",2020-07-16 23:26:00,test
98,98,last_reply,"Jul 16th, 2020 11:23 pm",2020-07-16 23:23:00,test
99,99,last_reply,"Jul 16th, 2020 11:15 pm",2020-07-16 23:15:00,test
100,100,last_reply,"Jul 16th, 2020 11:13 pm",2020-07-16 23:13:00,test
101,101,last_reply,"Jul 16th, 2020 11:13 pm",2020-07-16 23:13:00,train
102,102,last_reply,"Jul 16th, 2020 11:09 pm",2020-07-16 23:09:00,train
103,103,last_reply,"Jul 16th, 2020 10:56 pm",2020-07-16 22:56:00,test
104,104,last_reply,"Jul 16th, 2020 10:53 pm",2020-07-16 22:53:00,train
105,105,last_reply,"Jul 16th, 2020 10:48 pm",2020-07-16 22:48:00,test
106,106,last_reply,"Jul 16th, 2020 10:47 pm",2020-07-16 22:47:00,test
107,107,last_reply,"Jul 16th, 2020 10:36 pm",2020-07-16 22:36:00,train
108,108,last_reply,"Jul 16th, 2020 10:32 pm",2020-07-16 22:32:00,train
109,109,last_reply,"Jul 16th, 2020 10:29 pm",2020-07-16 22:29:00,train
110,110,last_reply,"Jul 16th, 2020 10:21 pm",2020-07-16 22:21:00,train
111,111,last_reply,"Jul 16th, 2020 10:18 pm",2020-07-16 22:18:00,train
112,112,last_reply,"Jul 16th, 2020 10:12 pm",2020-07-16 22:12:00,train
113,113,last_reply,"Jul 16th, 2020 10:06 pm",2020-07-16 22:06:00,test
114,114,last_reply,"Jul 16th, 2020 10:00 pm",2020-07-16 22:00:00,train
115,115,last_reply,"Jul 16th, 2020 10:00 pm",2020-07-16 22:00:00,test
116,116,last_reply,"Jul 16th, 2020 9:55 pm",2020-07-16 21:55:00,train
121,121,last_reply,"Jul 16th, 2020 9:36 pm",2020-07-16 21:36:00,train
122,122,last_reply,"Jul 16th, 2020 9:30 pm",2020-07-16 21:30:00,train
123,123,last_reply,"Jul 16th, 2020 9:24 pm",2020-07-16 21:24:00,test
124,124,last_reply,"Jul 16th, 2020 9:20 pm",2020-07-16 21:20:00,train
125,125,last_reply,"Jul 16th, 2020 9:19 pm",2020-07-16 21:19:00,train
126,126,last_reply,"Jul 16th, 2020 8:55 pm",2020-07-16 20:55:00,train
127,127,last_reply,"Jul 16th, 2020 8:48 pm",2020-07-16 20:48:00,train
128,128,last_reply,"Jul 16th, 2020 8:46 pm",2020-07-16 20:46:00,test
129,129,last_reply,"Jul 16th, 2020 8:41 pm",2020-07-16 20:41:00,train
130,130,last_reply,"Jul 16th, 2020 8:39 pm",2020-07-16 20:39:00,train
131,131,last_reply,"Jul 16th, 2020 8:33 pm",2020-07-16 20:33:00,test
132,132,last_reply,"Jul 16th, 2020 8:17 pm",2020-07-16 20:17:00,train
133,133,last_reply,"Jul 16th, 2020 8:03 pm",2020-07-16 20:03:00,test
134,134,last_reply,"Jul 17th, 2020 9:13 am",2020-07-17 09:13:00,test
135,135,last_reply,"Jul 16th, 2020 7:53 pm",2020-07-16 19:53:00,train
136,136,last_reply,"Jul 16th, 2020 7:53 pm",2020-07-16 19:53:00,test
137,137,last_reply,"Jul 16th, 2020 7:50 pm",2020-07-16 19:50:00,train
138,138,last_reply,"Jul 16th, 2020 7:47 pm",2020-07-16 19:47:00,train
139,139,last_reply,"Jul 16th, 2020 7:46 pm",2020-07-16 19:46:00,test
140,140,last_reply,"Jul 16th, 2020 7:41 pm",2020-07-16 19:41:00,train
141,141,last_reply,"Jul 16th, 2020 7:38 pm",2020-07-16 19:38:00,test
142,142,last_reply,"Jul 16th, 2020 7:36 pm",2020-07-16 19:36:00,train
143,143,last_reply,"Jul 16th, 2020 7:29 pm",2020-07-16 19:29:00,test
144,144,last_reply,"Jul 16th, 2020 7:27 pm",2020-07-16 19:27:00,train
145,145,last_reply,"Jul 16th, 2020 7:25 pm",2020-07-16 19:25:00,train
146,146,last_reply,"Jul 16th, 2020 7:23 pm",2020-07-16 19:23:00,test
147,147,last_reply,"Jul 16th, 2020 7:21 pm",2020-07-16 19:21:00,test
148,148,last_reply,"Jul 16th, 2020 7:11 pm",2020-07-16 19:11:00,train
149,149,last_reply,"Jul 16th, 2020 7:10 pm",2020-07-16 19:10:00,train
150,150,last_reply,"Jul 16th, 2020 6:59 pm",2020-07-16 18:59:00,test
151,151,last_reply,"Jul 16th, 2020 6:58 pm",2020-07-16 18:58:00,train
152,152,last_reply,"Jul 16th, 2020 6:57 pm",2020-07-16 18:57:00,train
153,153,last_reply,"Jul 16th, 2020 6:46 pm",2020-07-16 18:46:00,train
154,154,last_reply,"Jul 16th, 2020 6:43 pm",2020-07-16 18:43:00,train
155,155,last_reply,"Jul 16th, 2020 6:43 pm",2020-07-16 18:43:00,train
156,156,last_reply,"Jul 16th, 2020 6:39 pm",2020-07-16 18:39:00,train
157,157,last_reply,"Jul 16th, 2020 6:37 pm",2020-07-16 18:37:00,train
158,158,last_reply,"Jul 16th, 2020 6:24 pm",2020-07-16 18:24:00,test
159,159,last_reply,"Jul 16th, 2020 6:22 pm",2020-07-16 18:22:00,train
160,160,last_reply,"Jul 16th, 2020 5:59 pm",2020-07-16 17:59:00,test
161,161,last_reply,"Jul 16th, 2020 5:55 pm",2020-07-16 17:55:00,test
162,162,last_reply,"Jul 16th, 2020 5:45 pm",2020-07-16 17:45:00,train
163,163,last_reply,"Jul 16th, 2020 5:42 pm",2020-07-16 17:42:00,train
164,164,last_reply,"Jul 16th, 2020 5:42 pm",2020-07-16 17:42:00,train
165,165,last_reply,"Jul 16th, 2020 5:40 pm",2020-07-16 17:40:00,train
166,166,last_reply,"Jul 17th, 2020 9:37 am",2020-07-17 09:37:00,train
167,167,last_reply,"Jul 16th, 2020 5:36 pm",2020-07-16 17:36:00,train
168,168,last_reply,"Jul 16th, 2020 5:29 pm",2020-07-16 17:29:00,test
169,169,last_reply,"Jul 16th, 2020 5:26 pm",2020-07-16 17:26:00,test
170,170,last_reply,"Jul 16th, 2020 5:18 pm",2020-07-16 17:18:00,train
171,171,last_reply,"Jul 16th, 2020 5:11 pm",2020-07-16 17:11:00,test
172,172,last_reply,"Jul 16th, 2020 5:10 pm",2020-07-16 17:10:00,train
173,173,last_reply,"Jul 16th, 2020 5:02 pm",2020-07-16 17:02:00,test
174,174,last_reply,"Jul 16th, 2020 4:56 pm",2020-07-16 16:56:00,train
175,175,last_reply,"Jul 16th, 2020 4:50 pm",2020-07-16 16:50:00,train
176,176,last_reply,"Jul 16th, 2020 4:45 pm",2020-07-16 16:45:00,test
177,177,last_reply,"Jul 17th, 2020 9:17 am",2020-07-17 09:17:00,train
180,180,last_reply,"Jul 16th, 2020 4:39 pm",2020-07-16 16:39:00,train
181,181,last_reply,"Jul 16th, 2020 4:34 pm",2020-07-16 16:34:00,train
182,182,last_reply,"Jul 16th, 2020 4:34 pm",2020-07-16 16:34:00,train
183,183,last_reply,"Jul 16th, 2020 4:30 pm",2020-07-16 16:30:00,train
184,184,last_reply,"Jul 16th, 2020 4:21 pm",2020-07-16 16:21:00,test
185,185,last_reply,"Jul 16th, 2020 7:37 pm",2020-07-16 19:37:00,test
186,186,last_reply,"Jul 16th, 2020 4:21 pm",2020-07-16 16:21:00,train
187,187,last_reply,"Jul 16th, 2020 4:19 pm",2020-07-16 16:19:00,train
188,188,last_reply,"Jul 16th, 2020 4:18 pm",2020-07-16 16:18:00,train
189,189,last_reply,"Jul 16th, 2020 4:17 pm",2020-07-16 16:17:00,train
190,190,last_reply,"Jul 16th, 2020 4:05 pm",2020-07-16 16:05:00,train
191,191,last_reply,"Jul 17th, 2020 8:05 am",2020-07-17 08:05:00,train
192,192,last_reply,"Jul 16th, 2020 3:46 pm",2020-07-16 15:46:00,train
193,193,last_reply,"Jul 16th, 2020 3:44 pm",2020-07-16 15:44:00,train
194,194,last_reply,"Jul 16th, 2020 3:38 pm",2020-07-16 15:38:00,train
195,195,last_reply,"Jul 16th, 2020 3:34 pm",2020-07-16 15:34:00,train
196,196,last_reply,"Jul 16th, 2020 5:49 pm",2020-07-16 17:49:00,train
197,197,last_reply,"Jul 16th, 2020 3:09 pm",2020-07-16 15:09:00,train
198,198,last_reply,"Jul 16th, 2020 2:52 pm",2020-07-16 14:52:00,train
199,199,last_reply,"Jul 16th, 2020 2:37 pm",2020-07-16 14:37:00,train
200,200,last_reply,"Jul 16th, 2020 2:37 pm",2020-07-16 14:37:00,train
201,201,last_reply,"Jul 16th, 2020 2:37 pm",2020-07-16 14:37:00,train
202,202,last_reply,"Jul 16th, 2020 2:27 pm",2020-07-16 14:27:00,train
203,203,last_reply,"Jul 16th, 2020 2:23 pm",2020-07-16 14:23:00,train
204,204,last_reply,"Jul 16th, 2020 2:18 pm",2020-07-16 14:18:00,train
205,205,last_reply,"Jul 16th, 2020 2:10 pm",2020-07-16 14:10:00,test
206,206,last_reply,"Jul 16th, 2020 2:09 pm",2020-07-16 14:09:00,train
207,207,last_reply,"Jul 16th, 2020 1:58 pm",2020-07-16 13:58:00,train
210,210,last_reply,"Jul 16th, 2020 1:54 pm",2020-07-16 13:54:00,train
211,211,last_reply,"Jul 16th, 2020 1:39 pm",2020-07-16 13:39:00,train
212,212,last_reply,"Jul 16th, 2020 1:36 pm",2020-07-16 13:36:00,train
213,213,last_reply,"Jul 16th, 2020 1:29 pm",2020-07-16 13:29:00,train
214,214,last_reply,"Jul 16th, 2020 1:26 pm",2020-07-16 13:26:00,train
215,215,last_reply,"Jul 16th, 2020 1:23 pm",2020-07-16 13:23:00,test
216,216,last_reply,"Jul 16th, 2020 1:19 pm",2020-07-16 13:19:00,train
217,217,last_reply,"Jul 16th, 2020 1:18 pm",2020-07-16 13:18:00,train
218,218,last_reply,"Jul 16th, 2020 1:09 pm",2020-07-16 13:09:00,train
219,219,last_reply,"Jul 16th, 2020 1:05 pm",2020-07-16 13:05:00,test
220,220,last_reply,"Jul 16th, 2020 1:05 pm",2020-07-16 13:05:00,test
221,221,last_reply,"Jul 16th, 2020 12:55 pm",2020-07-16 12:55:00,train
222,222,last_reply,"Jul 16th, 2020 12:51 pm",2020-07-16 12:51:00,train
223,223,last_reply,"Jul 16th, 2020 12:47 pm",2020-07-16 12:47:00,train
224,224,last_reply,"Jul 16th, 2020 12:42 pm",2020-07-16 12:42:00,train
225,225,last_reply,"Jul 16th, 2020 12:42 pm",2020-07-16 12:42:00,train
226,226,last_reply,"Jul 16th, 2020 12:30 pm",2020-07-16 12:30:00,train
227,227,last_reply,"Jul 16th, 2020 12:28 pm",2020-07-16 12:28:00,test
228,228,last_reply,"Jul 16th, 2020 12:25 pm",2020-07-16 12:25:00,train
229,229,last_reply,"Jul 16th, 2020 12:20 pm",2020-07-16 12:20:00,test
230,230,last_reply,"Jul 16th, 2020 12:16 pm",2020-07-16 12:16:00,train
231,231,last_reply,"Jul 16th, 2020 12:12 pm",2020-07-16 12:12:00,train
232,232,last_reply,"Jul 16th, 2020 12:03 pm",2020-07-16 12:03:00,train
233,233,last_reply,"Jul 16th, 2020 11:32 am",2020-07-16 11:32:00,train
234,234,last_reply,"Jul 16th, 2020 11:27 am",2020-07-16 11:27:00,train
235,235,last_reply,"Jul 17th, 2020 9:20 am",2020-07-17 09:20:00,test
236,236,last_reply,"Jul 16th, 2020 10:35 am",2020-07-16 10:35:00,train
237,237,last_reply,"Jul 16th, 2020 8:56 pm",2020-07-16 20:56:00,train
240,240,last_reply,"Jul 16th, 2020 10:01 am",2020-07-16 10:01:00,test
241,241,last_reply,"Jul 16th, 2020 9:56 am",2020-07-16 09:56:00,train
242,242,last_reply,"Jul 16th, 2020 9:48 am",2020-07-16 09:48:00,train
243,243,last_reply,"Jul 16th, 2020 9:47 am",2020-07-16 09:47:00,train
244,244,last_reply,"Jul 16th, 2020 9:47 am",2020-07-16 09:47:00,test
245,245,last_reply,"Jul 16th, 2020 9:41 am",2020-07-16 09:41:00,train
246,246,last_reply,"Jul 16th, 2020 9:32 am",2020-07-16 09:32:00,test
247,247,last_reply,"Jul 16th, 2020 9:06 am",2020-07-16 09:06:00,train
248,248,last_reply,"Jul 16th, 2020 9:03 am",2020-07-16 09:03:00,test
249,249,last_reply,"Jul 16th, 2020 8:58 am",2020-07-16 08:58:00,train
250,250,last_reply,"Jul 16th, 2020 8:47 am",2020-07-16 08:47:00,train
251,251,last_reply,"Jul 16th, 2020 8:32 am",2020-07-16 08:32:00,train
252,252,last_reply,"Jul 16th, 2020 8:25 am",2020-07-16 08:25:00,train
253,253,last_reply,"Jul 16th, 2020 8:17 am",2020-07-16 08:17:00,train
254,254,last_reply,"Jul 16th, 2020 11:33 am",2020-07-16 11:33:00,test
255,255,last_reply,"Jul 16th, 2020 4:25 am",2020-07-16 04:25:00,train
256,256,last_reply,"Jul 16th, 2020 3:11 am",2020-07-16 03:11:00,train
257,257,last_reply,"Jul 16th, 2020 2:54 am",2020-07-16 02:54:00,train
258,258,last_reply,"Jul 16th, 2020 2:50 am",2020-07-16 02:50:00,train
259,259,last_reply,"Jul 16th, 2020 2:45 am",2020-07-16 02:45:00,train
260,260,last_reply,"Jul 16th, 2020 2:29 am",2020-07-16 02:29:00,train
261,261,last_reply,"Jul 16th, 2020 2:24 am",2020-07-16 02:24:00,train
262,262,last_reply,"Jul 16th, 2020 1:58 am",2020-07-16 01:58:00,train
263,263,last_reply,"Jul 16th, 2020 1:26 am",2020-07-16 01:26:00,train
264,264,last_reply,"Jul 16th, 2020 1:24 am",2020-07-16 01:24:00,train
265,265,last_reply,"Jul 16th, 2020 1:20 am",2020-07-16 01:20:00,test
266,266,last_reply,"Jul 16th, 2020 4:15 pm",2020-07-16 16:15:00,train
267,267,last_reply,"Jul 16th, 2020 12:59 am",2020-07-16 00:59:00,train
268,268,last_reply,"Jul 16th, 2020 12:48 am",2020-07-16 00:48:00,train
269,269,last_reply,"Jul 16th, 2020 12:35 am",2020-07-16 00:35:00,train
270,270,last_reply,"Jul 16th, 2020 12:29 am",2020-07-16 00:29:00,train
271,271,last_reply,"Jul 16th, 2020 12:12 am",2020-07-16 00:12:00,train
272,272,last_reply,"Jul 15th, 2020 11:52 pm",2020-07-15 23:52:00,train
273,273,last_reply,"Jul 15th, 2020 11:49 pm",2020-07-15 23:49:00,train
274,274,last_reply,"Jul 15th, 2020 11:48 pm",2020-07-15 23:48:00,test
275,275,last_reply,"Jul 15th, 2020 11:38 pm",2020-07-15 23:38:00,train
276,276,last_reply,"Jul 15th, 2020 11:36 pm",2020-07-15 23:36:00,train
277,277,last_reply,"Jul 15th, 2020 11:05 pm",2020-07-15 23:05:00,train
278,278,last_reply,"Jul 15th, 2020 10:44 pm",2020-07-15 22:44:00,train
279,279,last_reply,"Jul 15th, 2020 10:03 pm",2020-07-15 22:03:00,train
280,280,last_reply,"Jul 15th, 2020 10:00 pm",2020-07-15 22:00:00,train
281,281,last_reply,"Jul 15th, 2020 9:49 pm",2020-07-15 21:49:00,train
282,282,last_reply,"Jul 15th, 2020 9:29 pm",2020-07-15 21:29:00,train
283,283,last_reply,"Jul 15th, 2020 9:28 pm",2020-07-15 21:28:00,train
284,284,last_reply,"Jul 15th, 2020 9:25 pm",2020-07-15 21:25:00,test
285,285,last_reply,"Jul 15th, 2020 9:24 pm",2020-07-15 21:24:00,train
286,286,last_reply,"Jul 15th, 2020 8:39 pm",2020-07-15 20:39:00,train
287,287,last_reply,"Jul 15th, 2020 8:20 pm",2020-07-15 20:20:00,train
288,288,last_reply,"Jul 15th, 2020 7:59 pm",2020-07-15 19:59:00,train
289,289,last_reply,"Jul 15th, 2020 7:29 pm",2020-07-15 19:29:00,train
290,290,last_reply,"Jul 15th, 2020 7:26 pm",2020-07-15 19:26:00,test
291,291,last_reply,"Jul 15th, 2020 6:07 pm",2020-07-15 18:07:00,train
292,292,last_reply,"Jul 15th, 2020 6:05 pm",2020-07-15 18:05:00,train
293,293,last_reply,"Jul 15th, 2020 6:01 pm",2020-07-15 18:01:00,test
294,294,last_reply,"Jul 15th, 2020 5:52 pm",2020-07-15 17:52:00,train
295,295,last_reply,"Jul 15th, 2020 5:38 pm",2020-07-15 17:38:00,train
296,296,last_reply,"Jul 15th, 2020 5:13 pm",2020-07-15 17:13:00,train
297,297,last_reply,"Jul 15th, 2020 4:51 pm",2020-07-15 16:51:00,test
298,298,last_reply,"Jul 15th, 2020 4:31 pm",2020-07-15 16:31:00,train
299,299,last_reply,"Jul 15th, 2020 4:18 pm",2020-07-15 16:18:00,test
300,300,last_reply,"Jul 15th, 2020 4:16 pm",2020-07-15 16:16:00,train
301,301,last_reply,"Jul 15th, 2020 3:57 pm",2020-07-15 15:57:00,train
302,302,last_reply,"Jul 15th, 2020 3:53 pm",2020-07-15 15:53:00,test
303,303,last_reply,"Jul 15th, 2020 3:31 pm",2020-07-15 15:31:00,train
304,304,last_reply,"Jul 15th, 2020 3:27 pm",2020-07-15 15:27:00,train
305,305,last_reply,"Jul 15th, 2020 3:18 pm",2020-07-15 15:18:00,test
306,306,last_reply,"Jul 15th, 2020 2:46 pm",2020-07-15 14:46:00,train
307,307,last_reply,"Jul 15th, 2020 2:16 pm",2020-07-15 14:16:00,train
308,308,last_reply,"Jul 15th, 2020 2:12 pm",2020-07-15 14:12:00,train
309,309,last_reply,"Jul 15th, 2020 2:06 pm",2020-07-15 14:06:00,train
310,310,last_reply,"Jul 15th, 2020 1:56 pm",2020-07-15 13:56:00,test
311,311,last_reply,"Jul 15th, 2020 1:36 pm",2020-07-15 13:36:00,test
312,312,last_reply,"Jul 15th, 2020 1:23 pm",2020-07-15 13:23:00,train
313,313,last_reply,"Jul 15th, 2020 1:01 pm",2020-07-15 13:01:00,train
314,314,last_reply,"Jul 15th, 2020 1:00 pm",2020-07-15 13:00:00,test
315,315,last_reply,"Jul 15th, 2020 12:56 pm",2020-07-15 12:56:00,train
316,316,last_reply,"Jul 15th, 2020 12:50 pm",2020-07-15 12:50:00,test
317,317,last_reply,"Jul 15th, 2020 12:47 pm",2020-07-15 12:47:00,train
318,318,last_reply,"Jul 15th, 2020 12:38 pm",2020-07-15 12:38:00,test
319,319,last_reply,"Jul 15th, 2020 12:23 pm",2020-07-15 12:23:00,train
320,320,last_reply,"Jul 15th, 2020 12:01 pm",2020-07-15 12:01:00,train
321,321,last_reply,"Jul 15th, 2020 11:36 am",2020-07-15 11:36:00,train
322,322,last_reply,"Jul 15th, 2020 11:05 am",2020-07-15 11:05:00,train
323,323,last_reply,"Jul 15th, 2020 10:49 am",2020-07-15 10:49:00,test
324,324,last_reply,"Jul 15th, 2020 10:35 am",2020-07-15 10:35:00,test
325,325,last_reply,"Jul 15th, 2020 10:33 am",2020-07-15 10:33:00,train
326,326,last_reply,"Jul 15th, 2020 10:10 am",2020-07-15 10:10:00,test
327,327,last_reply,"Jul 15th, 2020 10:05 am",2020-07-15 10:05:00,test
329,328,last_reply,"Jul 15th, 2020 7:47 am",2020-07-15 07:47:00,test
330,329,last_reply,"Jul 15th, 2020 5:38 am",2020-07-15 05:38:00,train
331,330,last_reply,"Jul 15th, 2020 4:24 am",2020-07-15 04:24:00,test
332,331,last_reply,"Jul 15th, 2020 1:29 am",2020-07-15 01:29:00,test
333,332,last_reply,"Jul 15th, 2020 1:00 am",2020-07-15 01:00:00,test
334,333,last_reply,"Jul 15th, 2020 12:36 am",2020-07-15 00:36:00,train
335,334,last_reply,"Jul 15th, 2020 12:27 am",2020-07-15 00:27:00,test
336,335,last_reply,"Jul 15th, 2020 12:18 am",2020-07-15 00:18:00,test
337,336,last_reply,"Jul 14th, 2020 11:48 pm",2020-07-14 23:48:00,test
338,337,last_reply,"Jul 14th, 2020 11:42 pm",2020-07-14 23:42:00,train
339,338,last_reply,"Jul 14th, 2020 11:42 pm",2020-07-14 23:42:00,train
340,339,last_reply,"Jul 14th, 2020 11:00 pm",2020-07-14 23:00:00,train
341,340,last_reply,"Jul 14th, 2020 10:53 pm",2020-07-14 22:53:00,test
342,341,last_reply,"Jul 14th, 2020 10:39 pm",2020-07-14 22:39:00,test
343,342,last_reply,"Jul 14th, 2020 10:35 pm",2020-07-14 22:35:00,train
344,343,last_reply,"Jul 14th, 2020 10:30 pm",2020-07-14 22:30:00,train
345,344,last_reply,"Jul 14th, 2020 10:27 pm",2020-07-14 22:27:00,train
346,345,last_reply,"Jul 14th, 2020 10:21 pm",2020-07-14 22:21:00,train
347,346,last_reply,"Jul 14th, 2020 10:17 pm",2020-07-14 22:17:00,train
348,347,last_reply,"Jul 14th, 2020 10:16 pm",2020-07-14 22:16:00,test
349,348,last_reply,"Jul 14th, 2020 10:11 pm",2020-07-14 22:11:00,train
350,349,last_reply,"Jul 14th, 2020 9:51 pm",2020-07-14 21:51:00,test
351,350,last_reply,"Jul 14th, 2020 9:45 pm",2020-07-14 21:45:00,train
352,351,last_reply,"Jul 14th, 2020 9:38 pm",2020-07-14 21:38:00,test
353,352,last_reply,"Jul 14th, 2020 9:32 pm",2020-07-14 21:32:00,train
354,353,last_reply,"Jul 14th, 2020 9:30 pm",2020-07-14 21:30:00,train
355,354,last_reply,"Jul 14th, 2020 9:05 pm",2020-07-14 21:05:00,test
356,355,last_reply,"Jul 14th, 2020 9:05 pm",2020-07-14 21:05:00,train
357,356,last_reply,"Jul 14th, 2020 8:56 pm",2020-07-14 20:56:00,train
358,357,last_reply,"Jul 14th, 2020 8:13 pm",2020-07-14 20:13:00,test
359,358,last_reply,"Jul 14th, 2020 8:08 pm",2020-07-14 20:08:00,test
360,359,last_reply,"Jul 14th, 2020 8:00 pm",2020-07-14 20:00:00,test
361,360,last_reply,"Jul 14th, 2020 8:00 pm",2020-07-14 20:00:00,train
362,361,last_reply,"Jul 14th, 2020 7:51 pm",2020-07-14 19:51:00,test
363,362,last_reply,"Jul 14th, 2020 7:49 pm",2020-07-14 19:49:00,train
364,363,last_reply,"Jul 14th, 2020 7:23 pm",2020-07-14 19:23:00,train
365,364,last_reply,"Jul 14th, 2020 6:59 pm",2020-07-14 18:59:00,train
366,365,last_reply,"Jul 14th, 2020 6:54 pm",2020-07-14 18:54:00,train
367,366,last_reply,"Jul 14th, 2020 6:39 pm",2020-07-14 18:39:00,test
368,367,last_reply,"Jul 14th, 2020 6:34 pm",2020-07-14 18:34:00,test
369,368,last_reply,"Jul 14th, 2020 6:29 pm",2020-07-14 18:29:00,test
370,369,last_reply,"Jul 14th, 2020 6:00 pm",2020-07-14 18:00:00,train
371,370,last_reply,"Jul 14th, 2020 5:58 pm",2020-07-14 17:58:00,train
372,371,last_reply,"Jul 14th, 2020 5:52 pm",2020-07-14 17:52:00,train
373,372,last_reply,"Jul 14th, 2020 5:27 pm",2020-07-14 17:27:00,test
374,373,last_reply,"Jul 14th, 2020 4:59 pm",2020-07-14 16:59:00,train
375,374,last_reply,"Jul 14th, 2020 4:38 pm",2020-07-14 16:38:00,train
376,375,last_reply,"Jul 14th, 2020 4:12 pm",2020-07-14 16:12:00,train
377,376,last_reply,"Jul 14th, 2020 4:08 pm",2020-07-14 16:08:00,test
378,377,last_reply,"Jul 14th, 2020 3:56 pm",2020-07-14 15:56:00,train
379,378,last_reply,"Jul 14th, 2020 3:27 pm",2020-07-14 15:27:00,train
380,379,last_reply,"Jul 14th, 2020 3:26 pm",2020-07-14 15:26:00,train
381,380,last_reply,"Jul 14th, 2020 3:07 pm",2020-07-14 15:07:00,train
382,381,last_reply,"Jul 14th, 2020 2:32 pm",2020-07-14 14:32:00,train
383,382,last_reply,"Jul 14th, 2020 2:23 pm",2020-07-14 14:23:00,train
384,383,last_reply,"Jul 14th, 2020 1:49 pm",2020-07-14 13:49:00,train
385,384,last_reply,"Jul 14th, 2020 1:43 pm",2020-07-14 13:43:00,test
386,385,last_reply,"Jul 14th, 2020 1:05 pm",2020-07-14 13:05:00,train
387,386,last_reply,"Jul 14th, 2020 12:58 pm",2020-07-14 12:58:00,train
388,387,last_reply,"Jul 14th, 2020 12:54 pm",2020-07-14 12:54:00,test
389,388,last_reply,"Jul 14th, 2020 12:50 pm",2020-07-14 12:50:00,test
390,389,last_reply,"Jul 14th, 2020 12:42 pm",2020-07-14 12:42:00,train
391,390,last_reply,"Jul 14th, 2020 12:29 pm",2020-07-14 12:29:00,train
392,391,last_reply,"Jul 14th, 2020 12:24 pm",2020-07-14 12:24:00,train
393,392,last_reply,"Jul 14th, 2020 12:07 pm",2020-07-14 12:07:00,train
394,393,last_reply,"Jul 14th, 2020 12:05 pm",2020-07-14 12:05:00,train
395,394,last_reply,"Jul 14th, 2020 12:05 pm",2020-07-14 12:05:00,train
396,395,last_reply,"Jul 14th, 2020 12:02 pm",2020-07-14 12:02:00,train
397,396,last_reply,"Jul 14th, 2020 11:53 am",2020-07-14 11:53:00,test
398,397,last_reply,"Jul 14th, 2020 10:47 am",2020-07-14 10:47:00,train
399,398,last_reply,"Jul 14th, 2020 10:30 am",2020-07-14 10:30:00,test
400,399,last_reply,"Jul 14th, 2020 10:10 am",2020-07-14 10:10:00,train
401,400,last_reply,"Jul 14th, 2020 9:50 am",2020-07-14 09:50:00,train
402,401,last_reply,"Jul 14th, 2020 9:28 am",2020-07-14 09:28:00,test
403,402,last_reply,"Jul 14th, 2020 9:12 am",2020-07-14 09:12:00,train
404,403,last_reply,"Jul 14th, 2020 9:11 am",2020-07-14 09:11:00,train
405,404,last_reply,"Jul 14th, 2020 8:38 am",2020-07-14 08:38:00,test
406,405,last_reply,"Jul 14th, 2020 5:45 am",2020-07-14 05:45:00,train
407,406,last_reply,"Jul 14th, 2020 4:09 am",2020-07-14 04:09:00,test
408,407,last_reply,"Jul 14th, 2020 3:11 am",2020-07-14 03:11:00,test
409,408,last_reply,"Jul 14th, 2020 2:36 am",2020-07-14 02:36:00,train
410,409,last_reply,"Jul 14th, 2020 1:52 am",2020-07-14 01:52:00,test
411,410,last_reply,"Jul 14th, 2020 1:40 am",2020-07-14 01:40:00,test
412,411,last_reply,"Jul 14th, 2020 1:29 am",2020-07-14 01:29:00,train
413,412,last_reply,"Jul 14th, 2020 1:27 am",2020-07-14 01:27:00,train
414,413,last_reply,"Jul 14th, 2020 1:19 am",2020-07-14 01:19:00,train
415,414,last_reply,"Jul 14th, 2020 1:07 am",2020-07-14 01:07:00,train
416,415,last_reply,"Jul 14th, 2020 12:04 am",2020-07-14 00:04:00,train
417,416,last_reply,"Jul 13th, 2020 11:53 pm",2020-07-13 23:53:00,train
420,419,last_reply,"Jul 13th, 2020 10:54 pm",2020-07-13 22:54:00,train
421,420,last_reply,"Jul 13th, 2020 10:25 pm",2020-07-13 22:25:00,test
422,421,last_reply,"Jul 13th, 2020 10:08 pm",2020-07-13 22:08:00,train
423,422,last_reply,"Jul 13th, 2020 10:03 pm",2020-07-13 22:03:00,test
424,423,last_reply,"Jul 13th, 2020 9:22 pm",2020-07-13 21:22:00,train
425,424,last_reply,"Jul 13th, 2020 9:16 pm",2020-07-13 21:16:00,test
426,425,last_reply,"Jul 13th, 2020 9:12 pm",2020-07-13 21:12:00,train
427,426,last_reply,"Jul 13th, 2020 9:02 pm",2020-07-13 21:02:00,test
428,427,last_reply,"Jul 13th, 2020 9:00 pm",2020-07-13 21:00:00,train
429,428,last_reply,"Jul 13th, 2020 8:49 pm",2020-07-13 20:49:00,train
430,429,last_reply,"Jul 13th, 2020 7:07 pm",2020-07-13 19:07:00,test
431,430,last_reply,"Jul 13th, 2020 6:52 pm",2020-07-13 18:52:00,train
432,431,last_reply,"Jul 13th, 2020 6:52 pm",2020-07-13 18:52:00,train
433,432,last_reply,"Jul 13th, 2020 6:51 pm",2020-07-13 18:51:00,test
434,433,last_reply,"Jul 13th, 2020 6:25 pm",2020-07-13 18:25:00,train
435,434,last_reply,"Jul 13th, 2020 6:23 pm",2020-07-13 18:23:00,train
436,435,last_reply,"Jul 13th, 2020 6:18 pm",2020-07-13 18:18:00,test
437,436,last_reply,"Jul 13th, 2020 6:08 pm",2020-07-13 18:08:00,train
438,437,last_reply,"Jul 13th, 2020 6:07 pm",2020-07-13 18:07:00,train
439,438,last_reply,"Jul 13th, 2020 6:04 pm",2020-07-13 18:04:00,train
440,439,last_reply,"Jul 13th, 2020 5:46 pm",2020-07-13 17:46:00,train
441,440,last_reply,"Jul 13th, 2020 5:37 pm",2020-07-13 17:37:00,train
442,441,last_reply,"Jul 13th, 2020 5:26 pm",2020-07-13 17:26:00,train
443,442,last_reply,"Jul 13th, 2020 5:07 pm",2020-07-13 17:07:00,test
444,443,last_reply,"Jul 13th, 2020 5:03 pm",2020-07-13 17:03:00,train
445,444,last_reply,"Jul 13th, 2020 4:20 pm",2020-07-13 16:20:00,train
446,445,last_reply,"Jul 13th, 2020 4:14 pm",2020-07-13 16:14:00,test
447,446,last_reply,"Jul 13th, 2020 4:03 pm",2020-07-13 16:03:00,train
448,447,last_reply,"Jul 13th, 2020 3:57 pm",2020-07-13 15:57:00,train
449,448,last_reply,"Jul 13th, 2020 3:22 pm",2020-07-13 15:22:00,train
450,449,last_reply,"Jul 13th, 2020 3:01 pm",2020-07-13 15:01:00,train
451,450,last_reply,"Jul 13th, 2020 2:55 pm",2020-07-13 14:55:00,train
452,451,last_reply,"Jul 13th, 2020 2:44 pm",2020-07-13 14:44:00,train
453,452,last_reply,"Jul 13th, 2020 2:13 pm",2020-07-13 14:13:00,test
454,453,last_reply,"Jul 13th, 2020 1:57 pm",2020-07-13 13:57:00,test
455,454,last_reply,"Jul 13th, 2020 1:53 pm",2020-07-13 13:53:00,train
456,455,last_reply,"Jul 13th, 2020 1:27 pm",2020-07-13 13:27:00,test
457,456,last_reply,"Jul 13th, 2020 1:05 pm",2020-07-13 13:05:00,train
458,457,last_reply,"Jul 13th, 2020 12:40 pm",2020-07-13 12:40:00,train
459,458,last_reply,"Jul 13th, 2020 12:36 pm",2020-07-13 12:36:00,train
460,459,last_reply,"Jul 13th, 2020 12:36 pm",2020-07-13 12:36:00,train
461,460,last_reply,"Jul 13th, 2020 12:23 pm",2020-07-13 12:23:00,train
462,461,last_reply,"Jul 13th, 2020 11:54 am",2020-07-13 11:54:00,train
463,462,last_reply,"Jul 13th, 2020 11:43 am",2020-07-13 11:43:00,train
464,463,last_reply,"Jul 13th, 2020 11:34 am",2020-07-13 11:34:00,train
465,464,last_reply,"Jul 13th, 2020 11:32 am",2020-07-13 11:32:00,train
466,465,last_reply,"Jul 13th, 2020 11:27 am",2020-07-13 11:27:00,train
467,466,last_reply,"Jul 13th, 2020 10:50 am",2020-07-13 10:50:00,train
468,467,last_reply,"Jul 13th, 2020 9:58 am",2020-07-13 09:58:00,train
469,468,last_reply,"Jul 13th, 2020 9:43 am",2020-07-13 09:43:00,train
470,469,last_reply,"Jul 13th, 2020 9:19 am",2020-07-13 09:19:00,train
471,470,last_reply,"Jul 13th, 2020 9:04 am",2020-07-13 09:04:00,test
472,471,last_reply,"Jul 13th, 2020 8:17 am",2020-07-13 08:17:00,train
473,472,last_reply,"Jul 13th, 2020 8:16 am",2020-07-13 08:16:00,train
474,473,last_reply,"Jul 13th, 2020 5:39 am",2020-07-13 05:39:00,train
475,474,last_reply,"Jul 13th, 2020 5:12 am",2020-07-13 05:12:00,train
476,475,last_reply,"Jul 13th, 2020 3:33 am",2020-07-13 03:33:00,test
477,476,last_reply,"Jul 13th, 2020 12:43 am",2020-07-13 00:43:00,train
478,477,last_reply,"Jul 13th, 2020 12:35 am",2020-07-13 00:35:00,train
479,478,last_reply,"Jul 13th, 2020 12:26 am",2020-07-13 00:26:00,train
480,479,last_reply,"Jul 13th, 2020 12:21 am",2020-07-13 00:21:00,test
481,480,last_reply,"Jul 13th, 2020 12:06 am",2020-07-13 00:06:00,test
482,481,last_reply,"Jul 12th, 2020 11:48 pm",2020-07-12 23:48:00,train
483,482,last_reply,"Jul 12th, 2020 11:40 pm",2020-07-12 23:40:00,train
484,483,last_reply,"Jul 12th, 2020 11:36 pm",2020-07-12 23:36:00,train
485,484,last_reply,"Jul 12th, 2020 11:09 pm",2020-07-12 23:09:00,test
486,485,last_reply,"Jul 12th, 2020 11:01 pm",2020-07-12 23:01:00,test
487,486,last_reply,"Jul 12th, 2020 11:01 pm",2020-07-12 23:01:00,train
488,487,last_reply,"Jul 12th, 2020 10:12 pm",2020-07-12 22:12:00,train
489,488,last_reply,"Jul 12th, 2020 9:37 pm",2020-07-12 21:37:00,train
490,489,last_reply,"Jul 12th, 2020 9:25 pm",2020-07-12 21:25:00,train
491,490,last_reply,"Jul 12th, 2020 9:19 pm",2020-07-12 21:19:00,train
492,491,last_reply,"Jul 12th, 2020 8:37 pm",2020-07-12 20:37:00,train
493,492,last_reply,"Jul 12th, 2020 8:04 pm",2020-07-12 20:04:00,train
494,493,last_reply,"Jul 12th, 2020 7:53 pm",2020-07-12 19:53:00,train
495,494,last_reply,"Jul 12th, 2020 7:47 pm",2020-07-12 19:47:00,train
496,495,last_reply,"Jul 12th, 2020 7:43 pm",2020-07-12 19:43:00,test
497,496,last_reply,"Jul 12th, 2020 7:28 pm",2020-07-12 19:28:00,train
498,497,last_reply,"Jul 12th, 2020 7:10 pm",2020-07-12 19:10:00,train
499,498,last_reply,"Jul 12th, 2020 6:45 pm",2020-07-12 18:45:00,test
500,499,last_reply,"Jul 12th, 2020 6:34 pm",2020-07-12 18:34:00,train
501,500,last_reply,"Jul 12th, 2020 6:26 pm",2020-07-12 18:26:00,train
502,501,last_reply,"Jul 12th, 2020 6:01 pm",2020-07-12 18:01:00,train
503,502,last_reply,"Jul 12th, 2020 5:59 pm",2020-07-12 17:59:00,train
504,503,last_reply,"Jul 12th, 2020 5:41 pm",2020-07-12 17:41:00,test
505,504,last_reply,"Jul 12th, 2020 5:15 pm",2020-07-12 17:15:00,train
506,505,last_reply,"Jul 12th, 2020 3:40 pm",2020-07-12 15:40:00,train
507,506,last_reply,"Jul 12th, 2020 3:33 pm",2020-07-12 15:33:00,train
508,507,last_reply,"Jul 12th, 2020 3:13 pm",2020-07-12 15:13:00,test
509,508,last_reply,"Jul 12th, 2020 3:09 pm",2020-07-12 15:09:00,train
510,509,last_reply,"Jul 12th, 2020 2:30 pm",2020-07-12 14:30:00,train
511,510,last_reply,"Jul 12th, 2020 2:18 pm",2020-07-12 14:18:00,test
512,511,last_reply,"Jul 12th, 2020 1:49 pm",2020-07-12 13:49:00,train
513,512,last_reply,"Jul 12th, 2020 1:21 pm",2020-07-12 13:21:00,train
514,513,last_reply,"Jul 12th, 2020 1:18 pm",2020-07-12 13:18:00,train
515,514,last_reply,"Jul 12th, 2020 11:59 am",2020-07-12 11:59:00,test
516,515,last_reply,"Jul 12th, 2020 11:38 am",2020-07-12 11:38:00,test
517,516,last_reply,"Jul 12th, 2020 11:32 am",2020-07-12 11:32:00,train
518,517,last_reply,"Jul 12th, 2020 11:31 am",2020-07-12 11:31:00,test
519,518,last_reply,"Jul 12th, 2020 11:13 am",2020-07-12 11:13:00,train
520,519,last_reply,"Jul 12th, 2020 11:06 am",2020-07-12 11:06:00,test
521,520,last_reply,"Jul 12th, 2020 11:01 am",2020-07-12 11:01:00,test
522,521,last_reply,"Jul 12th, 2020 11:01 am",2020-07-12 11:01:00,train
523,522,last_reply,"Jul 12th, 2020 10:55 am",2020-07-12 10:55:00,test
524,523,last_reply,"Jul 12th, 2020 10:28 am",2020-07-12 10:28:00,test
525,524,last_reply,"Jul 12th, 2020 9:50 am",2020-07-12 09:50:00,train
526,525,last_reply,"Jul 12th, 2020 9:00 am",2020-07-12 09:00:00,train
527,526,last_reply,"Jul 12th, 2020 8:56 am",2020-07-12 08:56:00,test
528,527,last_reply,"Jul 12th, 2020 8:12 am",2020-07-12 08:12:00,train
529,528,last_reply,"Jul 12th, 2020 12:50 am",2020-07-12 00:50:00,train
530,529,last_reply,"Jul 12th, 2020 12:10 am",2020-07-12 00:10:00,test
531,530,last_reply,"Jul 12th, 2020 12:06 am",2020-07-12 00:06:00,train
532,531,last_reply,"Jul 12th, 2020 12:00 am",2020-07-12 00:00:00,train
533,532,last_reply,"Jul 11th, 2020 10:18 pm",2020-07-11 22:18:00,train
534,533,last_reply,"Jul 11th, 2020 10:01 pm",2020-07-11 22:01:00,train
535,534,last_reply,"Jul 11th, 2020 9:55 pm",2020-07-11 21:55:00,train
536,535,last_reply,"Jul 11th, 2020 9:27 pm",2020-07-11 21:27:00,train
537,536,last_reply,"Jul 11th, 2020 9:19 pm",2020-07-11 21:19:00,test
540,539,last_reply,"Jul 11th, 2020 8:36 pm",2020-07-11 20:36:00,train
541,540,last_reply,"Jul 11th, 2020 8:33 pm",2020-07-11 20:33:00,test
542,541,last_reply,"Jul 11th, 2020 8:28 pm",2020-07-11 20:28:00,train
543,542,last_reply,"Jul 11th, 2020 8:20 pm",2020-07-11 20:20:00,test
544,543,last_reply,"Jul 11th, 2020 8:12 pm",2020-07-11 20:12:00,test
545,544,last_reply,"Jul 11th, 2020 8:08 pm",2020-07-11 20:08:00,test
546,545,last_reply,"Jul 11th, 2020 7:52 pm",2020-07-11 19:52:00,train
547,546,last_reply,"Jul 11th, 2020 6:52 pm",2020-07-11 18:52:00,train
548,547,last_reply,"Jul 11th, 2020 6:46 pm",2020-07-11 18:46:00,test
549,548,last_reply,"Jul 11th, 2020 6:31 pm",2020-07-11 18:31:00,test
550,549,last_reply,"Jul 11th, 2020 6:19 pm",2020-07-11 18:19:00,train
551,550,last_reply,"Jul 11th, 2020 6:08 pm",2020-07-11 18:08:00,train
552,551,last_reply,"Jul 11th, 2020 5:13 pm",2020-07-11 17:13:00,train
553,552,last_reply,"Jul 11th, 2020 4:09 pm",2020-07-11 16:09:00,train
554,553,last_reply,"Jul 11th, 2020 4:07 pm",2020-07-11 16:07:00,test
555,554,last_reply,"Jul 11th, 2020 4:03 pm",2020-07-11 16:03:00,test
556,555,last_reply,"Jul 11th, 2020 3:51 pm",2020-07-11 15:51:00,train
557,556,last_reply,"Jul 11th, 2020 3:42 pm",2020-07-11 15:42:00,train
558,557,last_reply,"Jul 11th, 2020 3:16 pm",2020-07-11 15:16:00,test
559,558,last_reply,"Jul 11th, 2020 3:00 pm",2020-07-11 15:00:00,train
560,559,last_reply,"Jul 11th, 2020 2:49 pm",2020-07-11 14:49:00,test
561,560,last_reply,"Jul 11th, 2020 2:46 pm",2020-07-11 14:46:00,train
562,561,last_reply,"Jul 11th, 2020 2:14 pm",2020-07-11 14:14:00,train
563,562,last_reply,"Jul 11th, 2020 2:12 pm",2020-07-11 14:12:00,train
564,563,last_reply,"Jul 11th, 2020 1:40 pm",2020-07-11 13:40:00,train
565,564,last_reply,"Jul 11th, 2020 1:39 pm",2020-07-11 13:39:00,train
566,565,last_reply,"Jul 11th, 2020 1:29 pm",2020-07-11 13:29:00,train
567,566,last_reply,"Jul 11th, 2020 1:24 pm",2020-07-11 13:24:00,test
568,567,last_reply,"Jul 11th, 2020 1:16 pm",2020-07-11 13:16:00,train
569,568,last_reply,"Jul 11th, 2020 1:09 pm",2020-07-11 13:09:00,train
570,569,last_reply,"Jul 11th, 2020 12:35 pm",2020-07-11 12:35:00,train
571,570,last_reply,"Jul 11th, 2020 12:24 pm",2020-07-11 12:24:00,train
572,571,last_reply,"Jul 11th, 2020 12:19 pm",2020-07-11 12:19:00,train
573,572,last_reply,"Jul 11th, 2020 12:10 pm",2020-07-11 12:10:00,train
574,573,last_reply,"Jul 11th, 2020 11:11 am",2020-07-11 11:11:00,train
575,574,last_reply,"Jul 11th, 2020 11:06 am",2020-07-11 11:06:00,train
576,575,last_reply,"Jul 11th, 2020 10:54 am",2020-07-11 10:54:00,train
577,576,last_reply,"Jul 11th, 2020 10:37 am",2020-07-11 10:37:00,test
578,577,last_reply,"Jul 11th, 2020 10:11 am",2020-07-11 10:11:00,train
579,578,last_reply,"Jul 11th, 2020 9:38 am",2020-07-11 09:38:00,train
580,579,last_reply,"Jul 11th, 2020 9:35 am",2020-07-11 09:35:00,train
581,580,last_reply,"Jul 11th, 2020 6:56 am",2020-07-11 06:56:00,test
582,581,last_reply,"Jul 11th, 2020 5:14 am",2020-07-11 05:14:00,train
583,582,last_reply,"Jul 11th, 2020 3:22 am",2020-07-11 03:22:00,train
584,583,last_reply,"Jul 11th, 2020 2:48 am",2020-07-11 02:48:00,train
585,584,last_reply,"Jul 11th, 2020 1:30 am",2020-07-11 01:30:00,train
586,585,last_reply,"Jul 11th, 2020 12:00 am",2020-07-11 00:00:00,train
587,586,last_reply,"Jul 10th, 2020 11:43 pm",2020-07-10 23:43:00,train
588,587,last_reply,"Jul 10th, 2020 11:23 pm",2020-07-10 23:23:00,train
589,588,last_reply,"Jul 10th, 2020 11:21 pm",2020-07-10 23:21:00,train
590,589,last_reply,"Jul 10th, 2020 11:13 pm",2020-07-10 23:13:00,train
591,590,last_reply,"Jul 10th, 2020 11:01 pm",2020-07-10 23:01:00,train
592,591,last_reply,"Jul 10th, 2020 10:54 pm",2020-07-10 22:54:00,test
593,592,last_reply,"Jul 10th, 2020 10:40 pm",2020-07-10 22:40:00,train
594,593,last_reply,"Jul 10th, 2020 10:26 pm",2020-07-10 22:26:00,train
595,594,last_reply,"Jul 10th, 2020 9:22 pm",2020-07-10 21:22:00,train
596,595,last_reply,"Jul 10th, 2020 8:48 pm",2020-07-10 20:48:00,train
597,596,last_reply,"Jul 10th, 2020 8:45 pm",2020-07-10 20:45:00,train
598,597,last_reply,"Jul 10th, 2020 7:50 pm",2020-07-10 19:50:00,test
599,598,last_reply,"Jul 10th, 2020 7:27 pm",2020-07-10 19:27:00,train
600,599,last_reply,"Jul 10th, 2020 7:14 pm",2020-07-10 19:14:00,train
601,600,last_reply,"Jul 10th, 2020 7:01 pm",2020-07-10 19:01:00,train
602,601,last_reply,"Jul 10th, 2020 6:55 pm",2020-07-10 18:55:00,train
603,602,last_reply,"Jul 10th, 2020 5:57 pm",2020-07-10 17:57:00,test
604,603,last_reply,"Jul 10th, 2020 5:50 pm",2020-07-10 17:50:00,test
605,604,last_reply,"Jul 10th, 2020 5:39 pm",2020-07-10 17:39:00,train
606,605,last_reply,"Jul 10th, 2020 5:39 pm",2020-07-10 17:39:00,test
607,606,last_reply,"Jul 10th, 2020 5:34 pm",2020-07-10 17:34:00,train
608,607,last_reply,"Jul 10th, 2020 5:20 pm",2020-07-10 17:20:00,train
609,608,last_reply,"Jul 10th, 2020 5:12 pm",2020-07-10 17:12:00,train
610,609,last_reply,"Jul 10th, 2020 4:49 pm",2020-07-10 16:49:00,train
611,610,last_reply,"Jul 10th, 2020 4:43 pm",2020-07-10 16:43:00,train
612,611,last_reply,"Jul 10th, 2020 4:15 pm",2020-07-10 16:15:00,test
613,612,last_reply,"Jul 10th, 2020 3:42 pm",2020-07-10 15:42:00,test
614,613,last_reply,"Jul 10th, 2020 3:35 pm",2020-07-10 15:35:00,train
615,614,last_reply,"Jul 10th, 2020 3:33 pm",2020-07-10 15:33:00,train
616,615,last_reply,"Jul 10th, 2020 3:30 pm",2020-07-10 15:30:00,test
617,616,last_reply,"Jul 10th, 2020 3:09 pm",2020-07-10 15:09:00,test
618,617,last_reply,"Jul 10th, 2020 2:50 pm",2020-07-10 14:50:00,train
619,618,last_reply,"Jul 10th, 2020 2:43 pm",2020-07-10 14:43:00,test
620,619,last_reply,"Jul 10th, 2020 2:40 pm",2020-07-10 14:40:00,test
621,620,last_reply,"Jul 10th, 2020 2:22 pm",2020-07-10 14:22:00,train
622,621,last_reply,"Jul 10th, 2020 2:17 pm",2020-07-10 14:17:00,test
623,622,last_reply,"Jul 10th, 2020 2:07 pm",2020-07-10 14:07:00,train
624,623,last_reply,"Jul 10th, 2020 1:54 pm",2020-07-10 13:54:00,train
625,624,last_reply,"Jul 10th, 2020 1:53 pm",2020-07-10 13:53:00,train
626,625,last_reply,"Jul 10th, 2020 1:24 pm",2020-07-10 13:24:00,train
627,626,last_reply,"Jul 10th, 2020 1:19 pm",2020-07-10 13:19:00,train
630,629,last_reply,"Jul 10th, 2020 1:03 pm",2020-07-10 13:03:00,train
631,630,last_reply,"Jul 10th, 2020 1:00 pm",2020-07-10 13:00:00,test
632,631,last_reply,"Jul 10th, 2020 12:48 pm",2020-07-10 12:48:00,train
633,632,last_reply,"Jul 10th, 2020 12:42 pm",2020-07-10 12:42:00,train
634,633,last_reply,"Jul 10th, 2020 12:11 pm",2020-07-10 12:11:00,train
635,634,last_reply,"Jul 10th, 2020 11:46 am",2020-07-10 11:46:00,test
636,635,last_reply,"Jul 10th, 2020 11:23 am",2020-07-10 11:23:00,train
637,636,last_reply,"Jul 10th, 2020 11:12 am",2020-07-10 11:12:00,test
638,637,last_reply,"Jul 10th, 2020 11:05 am",2020-07-10 11:05:00,test
639,638,last_reply,"Jul 10th, 2020 10:31 am",2020-07-10 10:31:00,train
640,639,last_reply,"Jul 10th, 2020 8:52 am",2020-07-10 08:52:00,test
641,640,last_reply,"Jul 10th, 2020 7:50 am",2020-07-10 07:50:00,train
642,641,last_reply,"Jul 10th, 2020 7:48 am",2020-07-10 07:48:00,train
643,642,last_reply,"Jul 10th, 2020 3:38 am",2020-07-10 03:38:00,train
644,643,last_reply,"Jul 10th, 2020 1:38 am",2020-07-10 01:38:00,test
645,644,last_reply,"Jul 9th, 2020 11:33 pm",2020-07-09 23:33:00,train
646,645,last_reply,"Jul 9th, 2020 11:06 pm",2020-07-09 23:06:00,train
647,646,last_reply,"Jul 9th, 2020 10:19 pm",2020-07-09 22:19:00,train
648,647,last_reply,"Jul 9th, 2020 10:15 pm",2020-07-09 22:15:00,train
649,648,last_reply,"Jul 9th, 2020 10:04 pm",2020-07-09 22:04:00,test
650,649,last_reply,"Jul 9th, 2020 10:00 pm",2020-07-09 22:00:00,test
651,650,last_reply,"Jul 9th, 2020 9:36 pm",2020-07-09 21:36:00,train
652,651,last_reply,"Jul 9th, 2020 8:46 pm",2020-07-09 20:46:00,test
653,652,last_reply,"Jul 9th, 2020 8:44 pm",2020-07-09 20:44:00,train
654,653,last_reply,"Jul 9th, 2020 8:01 pm",2020-07-09 20:01:00,train
655,654,last_reply,"Jul 9th, 2020 7:45 pm",2020-07-09 19:45:00,train
656,655,last_reply,"Jul 9th, 2020 7:44 pm",2020-07-09 19:44:00,train
657,656,last_reply,"Jul 9th, 2020 7:01 pm",2020-07-09 19:01:00,train
658,657,last_reply,"Jul 9th, 2020 6:55 pm",2020-07-09 18:55:00,train
659,658,last_reply,"Jul 9th, 2020 6:07 pm",2020-07-09 18:07:00,test
660,659,last_reply,"Jul 9th, 2020 5:57 pm",2020-07-09 17:57:00,test
661,660,last_reply,"Jul 9th, 2020 5:27 pm",2020-07-09 17:27:00,train
662,661,last_reply,"Jul 9th, 2020 5:22 pm",2020-07-09 17:22:00,train
663,662,last_reply,"Jul 9th, 2020 4:59 pm",2020-07-09 16:59:00,train
664,663,last_reply,"Jul 9th, 2020 4:29 pm",2020-07-09 16:29:00,train
665,664,last_reply,"Jul 9th, 2020 4:27 pm",2020-07-09 16:27:00,test
666,665,last_reply,"Jul 9th, 2020 4:01 pm",2020-07-09 16:01:00,train
667,666,last_reply,"Jul 9th, 2020 3:39 pm",2020-07-09 15:39:00,test
668,667,last_reply,"Jul 9th, 2020 2:58 pm",2020-07-09 14:58:00,train
669,668,last_reply,"Jul 9th, 2020 2:09 pm",2020-07-09 14:09:00,train
670,669,last_reply,"Jul 9th, 2020 2:04 pm",2020-07-09 14:04:00,train
671,670,last_reply,"Jul 9th, 2020 1:21 pm",2020-07-09 13:21:00,test
672,671,last_reply,"Jul 9th, 2020 1:16 pm",2020-07-09 13:16:00,train
673,672,last_reply,"Jul 9th, 2020 12:38 pm",2020-07-09 12:38:00,train
674,673,last_reply,"Jul 9th, 2020 12:18 pm",2020-07-09 12:18:00,test
675,674,last_reply,"Jul 9th, 2020 12:17 pm",2020-07-09 12:17:00,train
676,675,last_reply,"Jul 9th, 2020 12:09 pm",2020-07-09 12:09:00,train
677,676,last_reply,"Jul 9th, 2020 11:31 am",2020-07-09 11:31:00,train
678,677,last_reply,"Jul 9th, 2020 11:19 am",2020-07-09 11:19:00,test
679,678,last_reply,"Jul 9th, 2020 11:08 am",2020-07-09 11:08:00,train
680,679,last_reply,"Jul 9th, 2020 10:51 am",2020-07-09 10:51:00,train
681,680,last_reply,"Jul 9th, 2020 10:28 am",2020-07-09 10:28:00,train
682,681,last_reply,"Jul 9th, 2020 10:24 am",2020-07-09 10:24:00,train
683,682,last_reply,"Jul 9th, 2020 10:11 am",2020-07-09 10:11:00,train
684,683,last_reply,"Jul 9th, 2020 10:10 am",2020-07-09 10:10:00,train
685,684,last_reply,"Jul 9th, 2020 9:59 am",2020-07-09 09:59:00,test
686,685,last_reply,"Jul 9th, 2020 9:49 am",2020-07-09 09:49:00,train
687,686,last_reply,"Jul 9th, 2020 9:44 am",2020-07-09 09:44:00,train
688,687,last_reply,"Jul 9th, 2020 9:34 am",2020-07-09 09:34:00,test
689,688,last_reply,"Jul 9th, 2020 9:27 am",2020-07-09 09:27:00,train
690,689,last_reply,"Jul 9th, 2020 9:25 am",2020-07-09 09:25:00,train
691,690,last_reply,"Jul 9th, 2020 7:29 am",2020-07-09 07:29:00,train
692,691,last_reply,"Jul 9th, 2020 2:03 am",2020-07-09 02:03:00,test
693,692,last_reply,"Jul 9th, 2020 1:51 am",2020-07-09 01:51:00,train
694,693,last_reply,"Jul 9th, 2020 12:37 am",2020-07-09 00:37:00,train
695,694,last_reply,"Jul 8th, 2020 11:36 pm",2020-07-08 23:36:00,test
696,695,last_reply,"Jul 8th, 2020 11:29 pm",2020-07-08 23:29:00,train
697,696,last_reply,"Jul 8th, 2020 11:17 pm",2020-07-08 23:17:00,train
698,697,last_reply,"Jul 8th, 2020 11:12 pm",2020-07-08 23:12:00,train
699,698,last_reply,"Jul 8th, 2020 11:01 pm",2020-07-08 23:01:00,test
700,699,last_reply,"Jul 8th, 2020 10:55 pm",2020-07-08 22:55:00,test
701,700,last_reply,"Jul 8th, 2020 10:40 pm",2020-07-08 22:40:00,train
702,701,last_reply,"Jul 8th, 2020 7:31 pm",2020-07-08 19:31:00,train
703,702,last_reply,"Jul 8th, 2020 7:03 pm",2020-07-08 19:03:00,test
704,703,last_reply,"Jul 8th, 2020 6:58 pm",2020-07-08 18:58:00,train
705,704,last_reply,"Jul 8th, 2020 6:42 pm",2020-07-08 18:42:00,train
706,705,last_reply,"Jul 8th, 2020 6:08 pm",2020-07-08 18:08:00,train
707,706,last_reply,"Jul 8th, 2020 5:44 pm",2020-07-08 17:44:00,train
708,707,last_reply,"Jul 8th, 2020 5:12 pm",2020-07-08 17:12:00,train
709,708,last_reply,"Jul 8th, 2020 4:58 pm",2020-07-08 16:58:00,train
710,709,last_reply,"Jul 8th, 2020 4:29 pm",2020-07-08 16:29:00,train
711,710,last_reply,"Jul 8th, 2020 3:54 pm",2020-07-08 15:54:00,train
712,711,last_reply,"Jul 8th, 2020 3:49 pm",2020-07-08 15:49:00,train
713,712,last_reply,"Jul 8th, 2020 3:49 pm",2020-07-08 15:49:00,train
714,713,last_reply,"Jul 8th, 2020 3:36 pm",2020-07-08 15:36:00,train
715,714,last_reply,"Jul 8th, 2020 3:08 pm",2020-07-08 15:08:00,test
716,715,last_reply,"Jul 8th, 2020 2:47 pm",2020-07-08 14:47:00,train
717,716,last_reply,"Jul 8th, 2020 2:34 pm",2020-07-08 14:34:00,test
718,717,last_reply,"Jul 8th, 2020 2:16 pm",2020-07-08 14:16:00,test
719,718,last_reply,"Jul 8th, 2020 2:08 pm",2020-07-08 14:08:00,train
720,719,last_reply,"Jul 8th, 2020 1:40 pm",2020-07-08 13:40:00,train
721,720,last_reply,"Jul 8th, 2020 1:12 pm",2020-07-08 13:12:00,test
722,721,last_reply,"Jul 8th, 2020 12:57 pm",2020-07-08 12:57:00,train
723,722,last_reply,"Jul 8th, 2020 12:57 pm",2020-07-08 12:57:00,test
724,723,last_reply,"Jul 8th, 2020 11:38 am",2020-07-08 11:38:00,train
725,724,last_reply,"Jul 8th, 2020 11:35 am",2020-07-08 11:35:00,test
726,725,last_reply,"Jul 8th, 2020 11:24 am",2020-07-08 11:24:00,train
727,726,last_reply,"Jul 8th, 2020 11:17 am",2020-07-08 11:17:00,train
728,727,last_reply,"Jul 8th, 2020 11:02 am",2020-07-08 11:02:00,train
729,728,last_reply,"Jul 8th, 2020 10:41 am",2020-07-08 10:41:00,train
730,729,last_reply,"Jul 8th, 2020 10:09 am",2020-07-08 10:09:00,train
731,730,last_reply,"Jul 8th, 2020 8:56 am",2020-07-08 08:56:00,train
732,731,last_reply,"Jul 8th, 2020 6:51 am",2020-07-08 06:51:00,train
733,732,last_reply,"Jul 8th, 2020 1:49 am",2020-07-08 01:49:00,train
734,733,last_reply,"Jul 8th, 2020 1:48 am",2020-07-08 01:48:00,test
735,734,last_reply,"Jul 8th, 2020 1:20 am",2020-07-08 01:20:00,train
736,735,last_reply,"Jul 8th, 2020 1:00 am",2020-07-08 01:00:00,train
737,736,last_reply,"Jul 7th, 2020 11:39 pm",2020-07-07 23:39:00,train
738,737,last_reply,"Jul 7th, 2020 11:31 pm",2020-07-07 23:31:00,train
739,738,last_reply,"Jul 7th, 2020 10:31 pm",2020-07-07 22:31:00,train
740,739,last_reply,"Jul 7th, 2020 10:22 pm",2020-07-07 22:22:00,train
741,740,last_reply,"Jul 7th, 2020 9:53 pm",2020-07-07 21:53:00,test
742,741,last_reply,"Jul 7th, 2020 9:45 pm",2020-07-07 21:45:00,train
743,742,last_reply,"Jul 7th, 2020 9:09 pm",2020-07-07 21:09:00,train
744,743,last_reply,"Jul 7th, 2020 8:31 pm",2020-07-07 20:31:00,test
745,744,last_reply,"Jul 7th, 2020 8:09 pm",2020-07-07 20:09:00,test
746,745,last_reply,"Jul 7th, 2020 7:20 pm",2020-07-07 19:20:00,test
747,746,last_reply,"Jul 7th, 2020 6:50 pm",2020-07-07 18:50:00,train
748,747,last_reply,"Jul 7th, 2020 6:36 pm",2020-07-07 18:36:00,train
749,748,last_reply,"Jul 7th, 2020 5:55 pm",2020-07-07 17:55:00,train
750,749,last_reply,"Jul 7th, 2020 5:40 pm",2020-07-07 17:40:00,train
751,750,last_reply,"Jul 7th, 2020 5:10 pm",2020-07-07 17:10:00,test
752,751,last_reply,"Jul 7th, 2020 5:07 pm",2020-07-07 17:07:00,train
753,752,last_reply,"Jul 7th, 2020 4:47 pm",2020-07-07 16:47:00,train
754,753,last_reply,"Jul 7th, 2020 4:11 pm",2020-07-07 16:11:00,train
755,754,last_reply,"Jul 7th, 2020 3:23 pm",2020-07-07 15:23:00,test
756,755,last_reply,"Jul 7th, 2020 3:20 pm",2020-07-07 15:20:00,test
757,756,last_reply,"Jul 7th, 2020 3:08 pm",2020-07-07 15:08:00,train
758,757,last_reply,"Jul 7th, 2020 3:01 pm",2020-07-07 15:01:00,train
759,758,last_reply,"Jul 7th, 2020 3:00 pm",2020-07-07 15:00:00,test
760,759,last_reply,"Jul 7th, 2020 2:47 pm",2020-07-07 14:47:00,train
761,760,last_reply,"Jul 7th, 2020 2:46 pm",2020-07-07 14:46:00,train
762,761,last_reply,"Jul 7th, 2020 2:33 pm",2020-07-07 14:33:00,test
763,762,last_reply,"Jul 7th, 2020 2:30 pm",2020-07-07 14:30:00,train
764,763,last_reply,"Jul 7th, 2020 1:54 pm",2020-07-07 13:54:00,test
765,764,last_reply,"Jul 7th, 2020 1:35 pm",2020-07-07 13:35:00,train
766,765,last_reply,"Jul 7th, 2020 1:29 pm",2020-07-07 13:29:00,test
767,766,last_reply,"Jul 7th, 2020 1:08 pm",2020-07-07 13:08:00,train
768,767,last_reply,"Jul 7th, 2020 12:40 pm",2020-07-07 12:40:00,train
769,768,last_reply,"Jul 7th, 2020 12:23 pm",2020-07-07 12:23:00,train
770,769,last_reply,"Jul 7th, 2020 12:18 pm",2020-07-07 12:18:00,test
771,770,last_reply,"Jul 7th, 2020 12:05 pm",2020-07-07 12:05:00,train
772,771,last_reply,"Jul 7th, 2020 12:01 pm",2020-07-07 12:01:00,train
773,772,last_reply,"Jul 7th, 2020 11:17 am",2020-07-07 11:17:00,train
774,773,last_reply,"Jul 7th, 2020 11:11 am",2020-07-07 11:11:00,test
775,774,last_reply,"Jul 7th, 2020 11:06 am",2020-07-07 11:06:00,train
776,775,last_reply,"Jul 7th, 2020 11:05 am",2020-07-07 11:05:00,test
777,776,last_reply,"Jul 7th, 2020 10:48 am",2020-07-07 10:48:00,train
778,777,last_reply,"Jul 7th, 2020 10:31 am",2020-07-07 10:31:00,test
779,778,last_reply,"Jul 7th, 2020 8:34 am",2020-07-07 08:34:00,train
780,779,last_reply,"Jul 7th, 2020 7:16 am",2020-07-07 07:16:00,test
781,780,last_reply,"Jul 7th, 2020 7:14 am",2020-07-07 07:14:00,test
782,781,last_reply,"Jul 7th, 2020 6:01 am",2020-07-07 06:01:00,test
783,782,last_reply,"Jul 7th, 2020 4:05 am",2020-07-07 04:05:00,train
784,783,last_reply,"Jul 7th, 2020 1:53 am",2020-07-07 01:53:00,train
785,784,last_reply,"Jul 7th, 2020 1:09 am",2020-07-07 01:09:00,test
786,785,last_reply,"Jul 7th, 2020 12:43 am",2020-07-07 00:43:00,train
787,786,last_reply,"Jul 7th, 2020 12:31 am",2020-07-07 00:31:00,train
788,787,last_reply,"Jul 7th, 2020 12:26 am",2020-07-07 00:26:00,train
789,788,last_reply,"Jul 6th, 2020 11:57 pm",2020-07-06 23:57:00,train
790,789,last_reply,"Jul 6th, 2020 11:52 pm",2020-07-06 23:52:00,train
791,790,last_reply,"Jul 6th, 2020 11:26 pm",2020-07-06 23:26:00,train
792,791,last_reply,"Jul 6th, 2020 11:23 pm",2020-07-06 23:23:00,train
793,792,last_reply,"Jul 6th, 2020 11:14 pm",2020-07-06 23:14:00,train
794,793,last_reply,"Jul 6th, 2020 10:35 pm",2020-07-06 22:35:00,train
795,794,last_reply,"Jul 6th, 2020 9:41 pm",2020-07-06 21:41:00,train
796,795,last_reply,"Jul 6th, 2020 9:28 pm",2020-07-06 21:28:00,train
797,796,last_reply,"Jul 6th, 2020 9:13 pm",2020-07-06 21:13:00,train
798,797,last_reply,"Jul 6th, 2020 9:13 pm",2020-07-06 21:13:00,train
799,798,last_reply,"Jul 6th, 2020 8:47 pm",2020-07-06 20:47:00,train
800,799,last_reply,"Jul 6th, 2020 8:37 pm",2020-07-06 20:37:00,train
801,800,last_reply,"Jul 6th, 2020 8:35 pm",2020-07-06 20:35:00,train
802,801,last_reply,"Jul 6th, 2020 8:28 pm",2020-07-06 20:28:00,train
803,802,last_reply,"Jul 6th, 2020 8:02 pm",2020-07-06 20:02:00,train
804,803,last_reply,"Jul 6th, 2020 7:27 pm",2020-07-06 19:27:00,test
805,804,last_reply,"Jul 6th, 2020 7:25 pm",2020-07-06 19:25:00,train
806,805,last_reply,"Jul 6th, 2020 7:20 pm",2020-07-06 19:20:00,train
807,806,last_reply,"Jul 6th, 2020 7:10 pm",2020-07-06 19:10:00,test
808,807,last_reply,"Jul 6th, 2020 7:08 pm",2020-07-06 19:08:00,train
809,808,last_reply,"Jul 6th, 2020 7:00 pm",2020-07-06 19:00:00,test
810,809,last_reply,"Jul 6th, 2020 6:17 pm",2020-07-06 18:17:00,train
811,810,last_reply,"Jul 6th, 2020 6:11 pm",2020-07-06 18:11:00,test
812,811,last_reply,"Jul 6th, 2020 5:01 pm",2020-07-06 17:01:00,train
813,812,last_reply,"Jul 6th, 2020 4:31 pm",2020-07-06 16:31:00,test
814,813,last_reply,"Jul 6th, 2020 4:15 pm",2020-07-06 16:15:00,train
815,814,last_reply,"Jul 6th, 2020 4:13 pm",2020-07-06 16:13:00,train
816,815,last_reply,"Jul 6th, 2020 3:59 pm",2020-07-06 15:59:00,train
817,816,last_reply,"Jul 6th, 2020 3:18 pm",2020-07-06 15:18:00,test
818,817,last_reply,"Jul 6th, 2020 2:40 pm",2020-07-06 14:40:00,train
819,818,last_reply,"Jul 6th, 2020 1:45 pm",2020-07-06 13:45:00,test
820,819,last_reply,"Jul 6th, 2020 1:38 pm",2020-07-06 13:38:00,train
821,820,last_reply,"Jul 6th, 2020 1:37 pm",2020-07-06 13:37:00,train
822,821,last_reply,"Jul 6th, 2020 1:21 pm",2020-07-06 13:21:00,test
823,822,last_reply,"Jul 6th, 2020 1:15 pm",2020-07-06 13:15:00,test
824,823,last_reply,"Jul 6th, 2020 12:42 pm",2020-07-06 12:42:00,test
825,824,last_reply,"Jul 6th, 2020 12:21 pm",2020-07-06 12:21:00,train
826,825,last_reply,"Jul 6th, 2020 12:08 pm",2020-07-06 12:08:00,train
827,826,last_reply,"Jul 6th, 2020 11:52 am",2020-07-06 11:52:00,test
828,827,last_reply,"Jul 6th, 2020 11:37 am",2020-07-06 11:37:00,train
829,828,last_reply,"Jul 6th, 2020 11:27 am",2020-07-06 11:27:00,train
830,829,last_reply,"Jul 6th, 2020 11:27 am",2020-07-06 11:27:00,train
831,830,last_reply,"Jul 6th, 2020 11:20 am",2020-07-06 11:20:00,test
832,831,last_reply,"Jul 6th, 2020 11:05 am",2020-07-06 11:05:00,test
833,832,last_reply,"Jul 6th, 2020 11:03 am",2020-07-06 11:03:00,train
834,833,last_reply,"Jul 6th, 2020 10:55 am",2020-07-06 10:55:00,test
835,834,last_reply,"Jul 6th, 2020 10:12 am",2020-07-06 10:12:00,test
836,835,last_reply,"Jul 6th, 2020 10:10 am",2020-07-06 10:10:00,train
837,836,last_reply,"Jul 6th, 2020 10:06 am",2020-07-06 10:06:00,train
838,837,last_reply,"Jul 6th, 2020 9:57 am",2020-07-06 09:57:00,train
839,838,last_reply,"Jul 6th, 2020 9:45 am",2020-07-06 09:45:00,test
840,839,last_reply,"Jul 6th, 2020 9:14 am",2020-07-06 09:14:00,train
841,840,last_reply,"Jul 6th, 2020 9:13 am",2020-07-06 09:13:00,train
842,841,last_reply,"Jul 6th, 2020 9:12 am",2020-07-06 09:12:00,train
843,842,last_reply,"Jul 6th, 2020 8:53 am",2020-07-06 08:53:00,train
844,843,last_reply,"Jul 6th, 2020 2:09 am",2020-07-06 02:09:00,test
845,844,last_reply,"Jul 6th, 2020 12:22 am",2020-07-06 00:22:00,test
846,845,last_reply,"Jul 5th, 2020 11:41 pm",2020-07-05 23:41:00,test
847,846,last_reply,"Jul 5th, 2020 11:22 pm",2020-07-05 23:22:00,train
848,847,last_reply,"Jul 5th, 2020 10:40 pm",2020-07-05 22:40:00,train
849,848,last_reply,"Jul 5th, 2020 10:16 pm",2020-07-05 22:16:00,train
850,849,last_reply,"Jul 5th, 2020 10:06 pm",2020-07-05 22:06:00,train
851,850,last_reply,"Jul 5th, 2020 8:54 pm",2020-07-05 20:54:00,train
852,851,last_reply,"Jul 5th, 2020 7:54 pm",2020-07-05 19:54:00,test
853,852,last_reply,"Jul 5th, 2020 7:51 pm",2020-07-05 19:51:00,train
854,853,last_reply,"Jul 5th, 2020 7:43 pm",2020-07-05 19:43:00,train
855,854,last_reply,"Jul 5th, 2020 7:25 pm",2020-07-05 19:25:00,train
856,855,last_reply,"Jul 5th, 2020 6:56 pm",2020-07-05 18:56:00,train
857,856,last_reply,"Jul 5th, 2020 6:52 pm",2020-07-05 18:52:00,train
858,857,last_reply,"Jul 5th, 2020 6:25 pm",2020-07-05 18:25:00,test
859,858,last_reply,"Jul 5th, 2020 5:30 pm",2020-07-05 17:30:00,train
860,859,last_reply,"Jul 5th, 2020 5:23 pm",2020-07-05 17:23:00,train
861,860,last_reply,"Jul 5th, 2020 4:36 pm",2020-07-05 16:36:00,train
862,861,last_reply,"Jul 5th, 2020 4:15 pm",2020-07-05 16:15:00,train
863,862,last_reply,"Jul 5th, 2020 4:00 pm",2020-07-05 16:00:00,train
864,863,last_reply,"Jul 5th, 2020 3:51 pm",2020-07-05 15:51:00,train
865,864,last_reply,"Jul 5th, 2020 2:31 pm",2020-07-05 14:31:00,train
866,865,last_reply,"Jul 5th, 2020 1:25 pm",2020-07-05 13:25:00,train
867,866,last_reply,"Jul 5th, 2020 1:20 pm",2020-07-05 13:20:00,test
868,867,last_reply,"Jul 5th, 2020 12:30 pm",2020-07-05 12:30:00,test
869,868,last_reply,"Jul 5th, 2020 12:27 pm",2020-07-05 12:27:00,train
870,869,last_reply,"Jul 5th, 2020 11:58 am",2020-07-05 11:58:00,train
871,870,last_reply,"Jul 5th, 2020 11:33 am",2020-07-05 11:33:00,train
872,871,last_reply,"Jul 5th, 2020 10:18 am",2020-07-05 10:18:00,test
873,872,last_reply,"Jul 5th, 2020 12:33 am",2020-07-05 00:33:00,train
874,873,last_reply,"Jul 5th, 2020 12:15 am",2020-07-05 00:15:00,test
875,874,last_reply,"Jul 4th, 2020 11:57 pm",2020-07-04 23:57:00,train
876,875,last_reply,"Jul 4th, 2020 11:36 pm",2020-07-04 23:36:00,train
877,876,last_reply,"Jul 4th, 2020 9:20 pm",2020-07-04 21:20:00,train
878,877,last_reply,"Jul 4th, 2020 8:22 pm",2020-07-04 20:22:00,train
879,878,last_reply,"Jul 4th, 2020 7:20 pm",2020-07-04 19:20:00,test
880,879,last_reply,"Jul 4th, 2020 6:12 pm",2020-07-04 18:12:00,train
881,880,last_reply,"Jul 4th, 2020 6:07 pm",2020-07-04 18:07:00,test
882,881,last_reply,"Jul 4th, 2020 5:59 pm",2020-07-04 17:59:00,train
883,882,last_reply,"Jul 4th, 2020 5:55 pm",2020-07-04 17:55:00,train
884,883,last_reply,"Jul 4th, 2020 5:29 pm",2020-07-04 17:29:00,train
885,884,last_reply,"Jul 4th, 2020 5:27 pm",2020-07-04 17:27:00,train
886,885,last_reply,"Jul 4th, 2020 4:41 pm",2020-07-04 16:41:00,train
887,886,last_reply,"Jul 4th, 2020 4:28 pm",2020-07-04 16:28:00,train
888,887,last_reply,"Jul 4th, 2020 4:13 pm",2020-07-04 16:13:00,train
889,888,last_reply,"Jul 4th, 2020 3:42 pm",2020-07-04 15:42:00,train
890,889,last_reply,"Jul 4th, 2020 3:41 pm",2020-07-04 15:41:00,train
891,890,last_reply,"Jul 4th, 2020 3:35 pm",2020-07-04 15:35:00,train
892,891,last_reply,"Jul 4th, 2020 3:33 pm",2020-07-04 15:33:00,test
893,892,last_reply,"Jul 4th, 2020 3:03 pm",2020-07-04 15:03:00,train
894,893,last_reply,"Jul 4th, 2020 11:56 am",2020-07-04 11:56:00,train
895,894,last_reply,"Jul 4th, 2020 11:55 am",2020-07-04 11:55:00,train
896,895,last_reply,"Jul 4th, 2020 11:10 am",2020-07-04 11:10:00,test
897,896,last_reply,"Jul 4th, 2020 11:02 am",2020-07-04 11:02:00,test
898,897,last_reply,"Jul 4th, 2020 10:00 am",2020-07-04 10:00:00,train
899,898,last_reply,"Jul 4th, 2020 9:17 am",2020-07-04 09:17:00,test
900,899,last_reply,"Jul 4th, 2020 9:12 am",2020-07-04 09:12:00,train
901,900,last_reply,"Jul 4th, 2020 8:25 am",2020-07-04 08:25:00,test
902,901,last_reply,"Jul 4th, 2020 7:52 am",2020-07-04 07:52:00,train
903,902,last_reply,"Jul 4th, 2020 7:18 am",2020-07-04 07:18:00,test
904,903,last_reply,"Jul 4th, 2020 7:07 am",2020-07-04 07:07:00,test
905,904,last_reply,"Jul 4th, 2020 3:05 am",2020-07-04 03:05:00,train
906,905,last_reply,"Jul 4th, 2020 12:30 am",2020-07-04 00:30:00,train
907,906,last_reply,"Jul 4th, 2020 12:18 am",2020-07-04 00:18:00,train
908,907,last_reply,"Jul 4th, 2020 12:06 am",2020-07-04 00:06:00,train
909,908,last_reply,"Jul 3rd, 2020 11:57 pm",2020-07-03 23:57:00,train
910,909,last_reply,"Jul 3rd, 2020 11:18 pm",2020-07-03 23:18:00,train
911,910,last_reply,"Jul 3rd, 2020 10:54 pm",2020-07-03 22:54:00,train
912,911,last_reply,"Jul 3rd, 2020 10:19 pm",2020-07-03 22:19:00,train
913,912,last_reply,"Jul 3rd, 2020 9:46 pm",2020-07-03 21:46:00,train
914,913,last_reply,"Jul 3rd, 2020 9:44 pm",2020-07-03 21:44:00,train
915,914,last_reply,"Jul 3rd, 2020 9:32 pm",2020-07-03 21:32:00,train
916,915,last_reply,"Jul 3rd, 2020 9:10 pm",2020-07-03 21:10:00,test
917,916,last_reply,"Jul 3rd, 2020 8:29 pm",2020-07-03 20:29:00,test
918,917,last_reply,"Jul 3rd, 2020 7:19 pm",2020-07-03 19:19:00,train
919,918,last_reply,"Jul 3rd, 2020 7:19 pm",2020-07-03 19:19:00,test
920,919,last_reply,"Jul 3rd, 2020 7:13 pm",2020-07-03 19:13:00,train
921,920,last_reply,"Jul 3rd, 2020 7:07 pm",2020-07-03 19:07:00,test
922,921,last_reply,"Jul 3rd, 2020 6:37 pm",2020-07-03 18:37:00,test
923,922,last_reply,"Jul 3rd, 2020 6:36 pm",2020-07-03 18:36:00,test
924,923,last_reply,"Jul 3rd, 2020 6:19 pm",2020-07-03 18:19:00,train
925,924,last_reply,"Jul 3rd, 2020 5:56 pm",2020-07-03 17:56:00,test
926,925,last_reply,"Jul 3rd, 2020 5:46 pm",2020-07-03 17:46:00,train
927,926,last_reply,"Jul 3rd, 2020 5:39 pm",2020-07-03 17:39:00,train
930,929,last_reply,"Jul 3rd, 2020 5:29 pm",2020-07-03 17:29:00,train
931,930,last_reply,"Jul 3rd, 2020 5:18 pm",2020-07-03 17:18:00,test
932,931,last_reply,"Jul 3rd, 2020 5:09 pm",2020-07-03 17:09:00,test
933,932,last_reply,"Jul 3rd, 2020 5:00 pm",2020-07-03 17:00:00,train
934,933,last_reply,"Jul 3rd, 2020 4:44 pm",2020-07-03 16:44:00,train
935,934,last_reply,"Jul 3rd, 2020 4:43 pm",2020-07-03 16:43:00,test
936,935,last_reply,"Jul 3rd, 2020 4:40 pm",2020-07-03 16:40:00,train
937,936,last_reply,"Jul 3rd, 2020 4:33 pm",2020-07-03 16:33:00,train
938,937,last_reply,"Jul 3rd, 2020 4:02 pm",2020-07-03 16:02:00,train
939,938,last_reply,"Jul 3rd, 2020 3:55 pm",2020-07-03 15:55:00,train
940,939,last_reply,"Jul 3rd, 2020 3:31 pm",2020-07-03 15:31:00,train
941,940,last_reply,"Jul 3rd, 2020 3:25 pm",2020-07-03 15:25:00,test
942,941,last_reply,"Jul 3rd, 2020 2:39 pm",2020-07-03 14:39:00,train
943,942,last_reply,"Jul 3rd, 2020 1:08 pm",2020-07-03 13:08:00,test
944,943,last_reply,"Jul 3rd, 2020 12:46 pm",2020-07-03 12:46:00,train
945,944,last_reply,"Jul 3rd, 2020 11:45 am",2020-07-03 11:45:00,train
946,945,last_reply,"Jul 3rd, 2020 11:36 am",2020-07-03 11:36:00,test
947,946,last_reply,"Jul 3rd, 2020 11:18 am",2020-07-03 11:18:00,test
948,947,last_reply,"Jul 3rd, 2020 11:11 am",2020-07-03 11:11:00,test
949,948,last_reply,"Jul 3rd, 2020 10:47 am",2020-07-03 10:47:00,test
950,949,last_reply,"Jul 3rd, 2020 10:42 am",2020-07-03 10:42:00,test
951,950,last_reply,"Jul 3rd, 2020 10:21 am",2020-07-03 10:21:00,test
952,951,last_reply,"Jul 3rd, 2020 9:37 am",2020-07-03 09:37:00,train
953,952,last_reply,"Jul 3rd, 2020 9:35 am",2020-07-03 09:35:00,train
954,953,last_reply,"Jul 3rd, 2020 9:25 am",2020-07-03 09:25:00,train
955,954,last_reply,"Jul 3rd, 2020 9:04 am",2020-07-03 09:04:00,train
956,955,last_reply,"Jul 3rd, 2020 8:44 am",2020-07-03 08:44:00,test
957,956,last_reply,"Jul 3rd, 2020 8:32 am",2020-07-03 08:32:00,train
958,957,last_reply,"Jul 3rd, 2020 7:32 am",2020-07-03 07:32:00,train
959,958,last_reply,"Jul 3rd, 2020 7:08 am",2020-07-03 07:08:00,train
960,959,last_reply,"Jul 3rd, 2020 5:18 am",2020-07-03 05:18:00,train
961,960,last_reply,"Jul 3rd, 2020 4:06 am",2020-07-03 04:06:00,train
962,961,last_reply,"Jul 3rd, 2020 3:04 am",2020-07-03 03:04:00,train
963,962,last_reply,"Jul 2nd, 2020 11:24 pm",2020-07-02 23:24:00,train
964,963,last_reply,"Jul 2nd, 2020 10:41 pm",2020-07-02 22:41:00,test
965,964,last_reply,"Jul 2nd, 2020 9:17 pm",2020-07-02 21:17:00,train
966,965,last_reply,"Jul 2nd, 2020 8:33 pm",2020-07-02 20:33:00,test
967,966,last_reply,"Jul 2nd, 2020 8:30 pm",2020-07-02 20:30:00,train
968,967,last_reply,"Jul 2nd, 2020 8:19 pm",2020-07-02 20:19:00,test
969,968,last_reply,"Jul 2nd, 2020 7:06 pm",2020-07-02 19:06:00,train
970,969,last_reply,"Jul 2nd, 2020 6:48 pm",2020-07-02 18:48:00,train
971,970,last_reply,"Jul 2nd, 2020 6:15 pm",2020-07-02 18:15:00,train
972,971,last_reply,"Jul 2nd, 2020 5:49 pm",2020-07-02 17:49:00,test
973,972,last_reply,"Jul 2nd, 2020 5:22 pm",2020-07-02 17:22:00,train
974,973,last_reply,"Jul 2nd, 2020 4:58 pm",2020-07-02 16:58:00,test
975,974,last_reply,"Jul 2nd, 2020 4:56 pm",2020-07-02 16:56:00,train
976,975,last_reply,"Jul 2nd, 2020 4:42 pm",2020-07-02 16:42:00,test
977,976,last_reply,"Jul 2nd, 2020 4:20 pm",2020-07-02 16:20:00,train
978,977,last_reply,"Jul 2nd, 2020 3:29 pm",2020-07-02 15:29:00,train
979,978,last_reply,"Jul 2nd, 2020 2:17 pm",2020-07-02 14:17:00,test
980,979,last_reply,"Jul 2nd, 2020 2:16 pm",2020-07-02 14:16:00,train
981,980,last_reply,"Jul 2nd, 2020 1:54 pm",2020-07-02 13:54:00,train
982,981,last_reply,"Jul 2nd, 2020 1:32 pm",2020-07-02 13:32:00,train
983,982,last_reply,"Jul 2nd, 2020 1:22 pm",2020-07-02 13:22:00,train
984,983,last_reply,"Jul 2nd, 2020 1:08 pm",2020-07-02 13:08:00,train
985,984,last_reply,"Jul 2nd, 2020 1:06 pm",2020-07-02 13:06:00,train
986,985,last_reply,"Jul 2nd, 2020 12:54 pm",2020-07-02 12:54:00,test
987,986,last_reply,"Jul 2nd, 2020 12:34 pm",2020-07-02 12:34:00,train
988,987,last_reply,"Jul 2nd, 2020 12:30 pm",2020-07-02 12:30:00,test
989,988,last_reply,"Jul 2nd, 2020 12:25 pm",2020-07-02 12:25:00,test
990,989,last_reply,"Jul 2nd, 2020 12:25 pm",2020-07-02 12:25:00,train
991,990,last_reply,"Jul 2nd, 2020 12:16 pm",2020-07-02 12:16:00,train
992,991,last_reply,"Jul 2nd, 2020 12:11 pm",2020-07-02 12:11:00,test
993,992,last_reply,"Jul 2nd, 2020 11:41 am",2020-07-02 11:41:00,train
994,993,last_reply,"Jul 2nd, 2020 11:25 am",2020-07-02 11:25:00,test
995,994,last_reply,"Jul 2nd, 2020 9:55 am",2020-07-02 09:55:00,train
996,995,last_reply,"Jul 2nd, 2020 9:52 am",2020-07-02 09:52:00,train
997,996,last_reply,"Jul 2nd, 2020 8:50 am",2020-07-02 08:50:00,train
998,997,last_reply,"Jul 2nd, 2020 8:49 am",2020-07-02 08:49:00,train
999,998,last_reply,"Jul 2nd, 2020 6:43 am",2020-07-02 06:43:00,train
1000,999,last_reply,"Jul 2nd, 2020 2:28 am",2020-07-02 02:28:00,test
1001,1000,last_reply,"Jul 2nd, 2020 1:30 am",2020-07-02 01:30:00,test
1002,1001,last_reply,"Jul 1st, 2020 11:22 pm",2020-07-01 23:22:00,train
1003,1002,last_reply,"Jul 1st, 2020 10:55 pm",2020-07-01 22:55:00,test
1004,1003,last_reply,"Jul 1st, 2020 10:09 pm",2020-07-01 22:09:00,test
1005,1004,last_reply,"Jul 1st, 2020 10:05 pm",2020-07-01 22:05:00,train
1006,1005,last_reply,"Jul 1st, 2020 9:32 pm",2020-07-01 21:32:00,test
1007,1006,last_reply,"Jul 1st, 2020 9:27 pm",2020-07-01 21:27:00,train
1008,1007,last_reply,"Jul 1st, 2020 7:36 pm",2020-07-01 19:36:00,train
1009,1008,last_reply,"Jul 1st, 2020 7:26 pm",2020-07-01 19:26:00,train
1010,1009,last_reply,"Jul 1st, 2020 7:14 pm",2020-07-01 19:14:00,test
1011,1010,last_reply,"Jul 1st, 2020 6:48 pm",2020-07-01 18:48:00,train
1012,1011,last_reply,"Jul 1st, 2020 6:43 pm",2020-07-01 18:43:00,train
1013,1012,last_reply,"Jul 1st, 2020 6:36 pm",2020-07-01 18:36:00,train
1014,1013,last_reply,"Jul 1st, 2020 5:59 pm",2020-07-01 17:59:00,train
1015,1014,last_reply,"Jul 1st, 2020 5:56 pm",2020-07-01 17:56:00,train
1016,1015,last_reply,"Jul 1st, 2020 5:25 pm",2020-07-01 17:25:00,test
1017,1016,last_reply,"Jul 1st, 2020 4:52 pm",2020-07-01 16:52:00,test
1018,1017,last_reply,"Jul 1st, 2020 4:28 pm",2020-07-01 16:28:00,train
1019,1018,last_reply,"Jul 1st, 2020 4:27 pm",2020-07-01 16:27:00,test
1020,1019,last_reply,"Jul 1st, 2020 4:20 pm",2020-07-01 16:20:00,train
1021,1020,last_reply,"Jul 1st, 2020 3:54 pm",2020-07-01 15:54:00,test
1022,1021,last_reply,"Jul 1st, 2020 3:17 pm",2020-07-01 15:17:00,train
1023,1022,last_reply,"Jul 1st, 2020 3:05 pm",2020-07-01 15:05:00,train
1024,1023,last_reply,"Jul 1st, 2020 2:46 pm",2020-07-01 14:46:00,train
1025,1024,last_reply,"Jul 1st, 2020 1:48 pm",2020-07-01 13:48:00,train
1026,1025,last_reply,"Jul 1st, 2020 1:24 pm",2020-07-01 13:24:00,test
1027,1026,last_reply,"Jul 1st, 2020 1:20 pm",2020-07-01 13:20:00,train
1028,1027,last_reply,"Jul 1st, 2020 1:11 pm",2020-07-01 13:11:00,train
1029,1028,last_reply,"Jul 1st, 2020 1:08 pm",2020-07-01 13:08:00,train
1030,1029,last_reply,"Jul 1st, 2020 12:53 pm",2020-07-01 12:53:00,train
1031,1030,last_reply,"Jul 1st, 2020 12:53 pm",2020-07-01 12:53:00,train
1032,1031,last_reply,"Jul 1st, 2020 12:51 pm",2020-07-01 12:51:00,train
1033,1032,last_reply,"Jul 1st, 2020 12:44 pm",2020-07-01 12:44:00,test
1034,1033,last_reply,"Jul 1st, 2020 12:33 pm",2020-07-01 12:33:00,train
1035,1034,last_reply,"Jul 1st, 2020 12:26 pm",2020-07-01 12:26:00,train
1036,1035,last_reply,"Jul 1st, 2020 12:26 pm",2020-07-01 12:26:00,train
1037,1036,last_reply,"Jul 1st, 2020 12:24 pm",2020-07-01 12:24:00,test
1038,1037,last_reply,"Jul 1st, 2020 12:06 pm",2020-07-01 12:06:00,train
1039,1038,last_reply,"Jul 1st, 2020 11:54 am",2020-07-01 11:54:00,train
1040,1039,last_reply,"Jul 1st, 2020 11:31 am",2020-07-01 11:31:00,train
1041,1040,last_reply,"Jul 1st, 2020 11:02 am",2020-07-01 11:02:00,test
1042,1041,last_reply,"Jul 1st, 2020 10:25 am",2020-07-01 10:25:00,test
1043,1042,last_reply,"Jul 1st, 2020 10:06 am",2020-07-01 10:06:00,train
1044,1043,last_reply,"Jul 1st, 2020 10:03 am",2020-07-01 10:03:00,train
1045,1044,last_reply,"Jul 1st, 2020 10:03 am",2020-07-01 10:03:00,test
1046,1045,last_reply,"Jul 1st, 2020 9:41 am",2020-07-01 09:41:00,test
1047,1046,last_reply,"Jul 1st, 2020 9:23 am",2020-07-01 09:23:00,test
1048,1047,last_reply,"Jul 1st, 2020 8:33 am",2020-07-01 08:33:00,test
1049,1048,last_reply,"Jul 1st, 2020 6:21 am",2020-07-01 06:21:00,test
1050,1049,last_reply,"Jul 1st, 2020 3:01 am",2020-07-01 03:01:00,test
1051,1050,last_reply,"Jul 1st, 2020 2:18 am",2020-07-01 02:18:00,train
1052,1051,last_reply,"Jul 1st, 2020 1:16 am",2020-07-01 01:16:00,train
1053,1052,last_reply,"Jul 1st, 2020 1:06 am",2020-07-01 01:06:00,test
1054,1053,last_reply,"Jul 1st, 2020 1:00 am",2020-07-01 01:00:00,train
1055,1054,last_reply,"Jul 1st, 2020 12:26 am",2020-07-01 00:26:00,train
1056,1055,last_reply,"Jun 30th, 2020 11:38 pm",2020-06-30 23:38:00,train
1057,1056,last_reply,"Jun 30th, 2020 10:44 pm",2020-06-30 22:44:00,test
1058,1057,last_reply,"Jun 30th, 2020 10:18 pm",2020-06-30 22:18:00,train
1059,1058,last_reply,"Jun 30th, 2020 10:16 pm",2020-06-30 22:16:00,train
1060,1059,last_reply,"Jun 30th, 2020 10:13 pm",2020-06-30 22:13:00,train
1061,1060,last_reply,"Jun 30th, 2020 9:40 pm",2020-06-30 21:40:00,train
1062,1061,last_reply,"Jun 30th, 2020 9:31 pm",2020-06-30 21:31:00,train
1063,1062,last_reply,"Jun 30th, 2020 9:07 pm",2020-06-30 21:07:00,train
1064,1063,last_reply,"Jun 30th, 2020 8:51 pm",2020-06-30 20:51:00,test
1065,1064,last_reply,"Jun 30th, 2020 8:04 pm",2020-06-30 20:04:00,test
1066,1065,last_reply,"Jun 30th, 2020 7:53 pm",2020-06-30 19:53:00,test
1067,1066,last_reply,"Jun 30th, 2020 7:23 pm",2020-06-30 19:23:00,test
1068,1067,last_reply,"Jun 30th, 2020 7:04 pm",2020-06-30 19:04:00,test
1069,1068,last_reply,"Jun 30th, 2020 6:59 pm",2020-06-30 18:59:00,train
1070,1069,last_reply,"Jun 30th, 2020 6:43 pm",2020-06-30 18:43:00,train
1071,1070,last_reply,"Jun 30th, 2020 6:39 pm",2020-06-30 18:39:00,train
1072,1071,last_reply,"Jun 30th, 2020 6:34 pm",2020-06-30 18:34:00,train
1073,1072,last_reply,"Jun 30th, 2020 6:33 pm",2020-06-30 18:33:00,train
1074,1073,last_reply,"Jun 30th, 2020 6:33 pm",2020-06-30 18:33:00,test
1075,1074,last_reply,"Jun 30th, 2020 6:32 pm",2020-06-30 18:32:00,train
1076,1075,last_reply,"Jun 30th, 2020 6:31 pm",2020-06-30 18:31:00,test
1077,1076,last_reply,"Jun 30th, 2020 5:01 pm",2020-06-30 17:01:00,train
1078,1077,last_reply,"Jun 30th, 2020 4:51 pm",2020-06-30 16:51:00,test
1079,1078,last_reply,"Jun 30th, 2020 4:39 pm",2020-06-30 16:39:00,train
1080,1079,last_reply,"Jun 30th, 2020 4:31 pm",2020-06-30 16:31:00,train
1081,1080,last_reply,"Jun 30th, 2020 4:29 pm",2020-06-30 16:29:00,train
1082,1081,last_reply,"Jun 30th, 2020 4:23 pm",2020-06-30 16:23:00,train
1083,1082,last_reply,"Jun 30th, 2020 3:44 pm",2020-06-30 15:44:00,test
1084,1083,last_reply,"Jun 30th, 2020 3:36 pm",2020-06-30 15:36:00,train
1085,1084,last_reply,"Jun 30th, 2020 3:13 pm",2020-06-30 15:13:00,train
1086,1085,last_reply,"Jun 30th, 2020 2:47 pm",2020-06-30 14:47:00,train
1087,1086,last_reply,"Jun 30th, 2020 2:26 pm",2020-06-30 14:26:00,train
1088,1087,last_reply,"Jun 30th, 2020 2:23 pm",2020-06-30 14:23:00,train
1089,1088,last_reply,"Jun 30th, 2020 1:59 pm",2020-06-30 13:59:00,test
1090,1089,last_reply,"Jun 30th, 2020 1:35 pm",2020-06-30 13:35:00,train
1091,1090,last_reply,"Jun 30th, 2020 1:29 pm",2020-06-30 13:29:00,test
1092,1091,last_reply,"Jun 30th, 2020 1:28 pm",2020-06-30 13:28:00,train
1093,1092,last_reply,"Jun 30th, 2020 12:15 pm",2020-06-30 12:15:00,train
1094,1093,last_reply,"Jun 30th, 2020 12:15 pm",2020-06-30 12:15:00,train
1095,1094,last_reply,"Jun 30th, 2020 12:10 pm",2020-06-30 12:10:00,train
1096,1095,last_reply,"Jun 30th, 2020 11:45 am",2020-06-30 11:45:00,train
1097,1096,last_reply,"Jun 30th, 2020 11:33 am",2020-06-30 11:33:00,train
1098,1097,last_reply,"Jun 30th, 2020 11:28 am",2020-06-30 11:28:00,train
1099,1098,last_reply,"Jun 30th, 2020 11:18 am",2020-06-30 11:18:00,train
1100,1099,last_reply,"Jun 30th, 2020 10:44 am",2020-06-30 10:44:00,train
1101,1100,last_reply,"Jun 30th, 2020 10:10 am",2020-06-30 10:10:00,train
1102,1101,last_reply,"Jun 30th, 2020 9:47 am",2020-06-30 09:47:00,test
1103,1102,last_reply,"Jun 30th, 2020 8:52 am",2020-06-30 08:52:00,train
1104,1103,last_reply,"Jun 30th, 2020 8:09 am",2020-06-30 08:09:00,train
1105,1104,last_reply,"Jun 30th, 2020 1:31 am",2020-06-30 01:31:00,test
1106,1105,last_reply,"Jun 30th, 2020 12:49 am",2020-06-30 00:49:00,train
1107,1106,last_reply,"Jun 30th, 2020 12:47 am",2020-06-30 00:47:00,train
1108,1107,last_reply,"Jun 30th, 2020 12:05 am",2020-06-30 00:05:00,train
1109,1108,last_reply,"Jun 29th, 2020 11:28 pm",2020-06-29 23:28:00,train
1110,1109,last_reply,"Jun 29th, 2020 11:14 pm",2020-06-29 23:14:00,train
1111,1110,last_reply,"Jun 29th, 2020 10:38 pm",2020-06-29 22:38:00,test
1112,1111,last_reply,"Jun 29th, 2020 10:19 pm",2020-06-29 22:19:00,train
1113,1112,last_reply,"Jun 29th, 2020 10:10 pm",2020-06-29 22:10:00,train
1114,1113,last_reply,"Jun 29th, 2020 9:46 pm",2020-06-29 21:46:00,test
1115,1114,last_reply,"Jun 29th, 2020 9:36 pm",2020-06-29 21:36:00,test
1116,1115,last_reply,"Jun 29th, 2020 9:29 pm",2020-06-29 21:29:00,test
1117,1116,last_reply,"Jun 29th, 2020 9:11 pm",2020-06-29 21:11:00,train
1118,1117,last_reply,"Jun 29th, 2020 9:09 pm",2020-06-29 21:09:00,train
1119,1118,last_reply,"Jun 29th, 2020 8:17 pm",2020-06-29 20:17:00,train
1120,1119,last_reply,"Jun 29th, 2020 8:11 pm",2020-06-29 20:11:00,test
1121,1120,last_reply,"Jun 29th, 2020 6:23 pm",2020-06-29 18:23:00,train
1122,1121,last_reply,"Jun 29th, 2020 6:18 pm",2020-06-29 18:18:00,train
1123,1122,last_reply,"Jun 29th, 2020 6:14 pm",2020-06-29 18:14:00,test
1124,1123,last_reply,"Jun 29th, 2020 4:31 pm",2020-06-29 16:31:00,train
1125,1124,last_reply,"Jun 29th, 2020 4:28 pm",2020-06-29 16:28:00,train
1126,1125,last_reply,"Jun 29th, 2020 4:23 pm",2020-06-29 16:23:00,train
1127,1126,last_reply,"Jun 29th, 2020 4:18 pm",2020-06-29 16:18:00,train
1128,1127,last_reply,"Jun 29th, 2020 3:08 pm",2020-06-29 15:08:00,train
1129,1128,last_reply,"Jun 29th, 2020 2:21 pm",2020-06-29 14:21:00,test
1130,1129,last_reply,"Jun 29th, 2020 2:07 pm",2020-06-29 14:07:00,train
1131,1130,last_reply,"Jun 29th, 2020 12:48 pm",2020-06-29 12:48:00,test
1132,1131,last_reply,"Jun 29th, 2020 12:43 pm",2020-06-29 12:43:00,train
1133,1132,last_reply,"Jun 29th, 2020 12:39 pm",2020-06-29 12:39:00,train
1134,1133,last_reply,"Jun 29th, 2020 12:30 pm",2020-06-29 12:30:00,train
1135,1134,last_reply,"Jun 29th, 2020 12:07 pm",2020-06-29 12:07:00,train
1136,1135,last_reply,"Jun 29th, 2020 11:57 am",2020-06-29 11:57:00,train
1137,1136,last_reply,"Jun 29th, 2020 11:24 am",2020-06-29 11:24:00,test
1138,1137,last_reply,"Jun 29th, 2020 10:33 am",2020-06-29 10:33:00,train
1139,1138,last_reply,"Jun 29th, 2020 9:45 am",2020-06-29 09:45:00,train
1140,1139,last_reply,"Jun 29th, 2020 9:31 am",2020-06-29 09:31:00,test
1141,1140,last_reply,"Jun 29th, 2020 9:18 am",2020-06-29 09:18:00,train
1142,1141,last_reply,"Jun 29th, 2020 7:36 am",2020-06-29 07:36:00,test
1143,1142,last_reply,"Jun 29th, 2020 7:35 am",2020-06-29 07:35:00,test
1144,1143,last_reply,"Jun 29th, 2020 6:18 am",2020-06-29 06:18:00,test
1145,1144,last_reply,"Jun 29th, 2020 1:05 am",2020-06-29 01:05:00,train
1146,1145,last_reply,"Jun 29th, 2020 1:01 am",2020-06-29 01:01:00,train
1147,1146,last_reply,"Jun 28th, 2020 11:55 pm",2020-06-28 23:55:00,test
1148,1147,last_reply,"Jun 28th, 2020 11:11 pm",2020-06-28 23:11:00,test
1149,1148,last_reply,"Jun 28th, 2020 10:02 pm",2020-06-28 22:02:00,test
1150,1149,last_reply,"Jun 28th, 2020 9:26 pm",2020-06-28 21:26:00,test
1151,1150,last_reply,"Jun 28th, 2020 8:43 pm",2020-06-28 20:43:00,test
1152,1151,last_reply,"Jun 28th, 2020 7:33 pm",2020-06-28 19:33:00,train
1153,1152,last_reply,"Jun 28th, 2020 7:29 pm",2020-06-28 19:29:00,test
1154,1153,last_reply,"Jun 28th, 2020 6:40 pm",2020-06-28 18:40:00,train
1155,1154,last_reply,"Jun 28th, 2020 5:44 pm",2020-06-28 17:44:00,train
1156,1155,last_reply,"Jun 28th, 2020 5:14 pm",2020-06-28 17:14:00,train
1157,1156,last_reply,"Jun 28th, 2020 4:56 pm",2020-06-28 16:56:00,test
1158,1157,last_reply,"Jun 28th, 2020 4:50 pm",2020-06-28 16:50:00,test
1159,1158,last_reply,"Jun 28th, 2020 4:35 pm",2020-06-28 16:35:00,test
1160,1159,last_reply,"Jun 28th, 2020 3:53 pm",2020-06-28 15:53:00,test
1161,1160,last_reply,"Jun 28th, 2020 3:52 pm",2020-06-28 15:52:00,train
1162,1161,last_reply,"Jun 28th, 2020 3:36 pm",2020-06-28 15:36:00,train
1163,1162,last_reply,"Jun 28th, 2020 3:27 pm",2020-06-28 15:27:00,train
1164,1163,last_reply,"Jun 28th, 2020 3:12 pm",2020-06-28 15:12:00,train
1165,1164,last_reply,"Jun 28th, 2020 2:51 pm",2020-06-28 14:51:00,train
1166,1165,last_reply,"Jun 28th, 2020 2:50 pm",2020-06-28 14:50:00,train
1167,1166,last_reply,"Jun 28th, 2020 2:37 pm",2020-06-28 14:37:00,train
1168,1167,last_reply,"Jun 28th, 2020 2:30 pm",2020-06-28 14:30:00,train
1169,1168,last_reply,"Jun 28th, 2020 2:13 pm",2020-06-28 14:13:00,train
1170,1169,last_reply,"Jun 28th, 2020 2:05 pm",2020-06-28 14:05:00,test
1171,1170,last_reply,"Jun 28th, 2020 2:05 pm",2020-06-28 14:05:00,train
1172,1171,last_reply,"Jun 28th, 2020 1:42 pm",2020-06-28 13:42:00,train
1173,1172,last_reply,"Jun 28th, 2020 1:24 pm",2020-06-28 13:24:00,train
1174,1173,last_reply,"Jun 28th, 2020 1:21 pm",2020-06-28 13:21:00,train
1175,1174,last_reply,"Jun 28th, 2020 12:42 pm",2020-06-28 12:42:00,train
1176,1175,last_reply,"Jun 28th, 2020 12:41 pm",2020-06-28 12:41:00,train
1177,1176,last_reply,"Jun 28th, 2020 12:36 pm",2020-06-28 12:36:00,train
1178,1177,last_reply,"Jun 28th, 2020 12:22 pm",2020-06-28 12:22:00,train
1179,1178,last_reply,"Jun 28th, 2020 11:20 am",2020-06-28 11:20:00,train
1180,1179,last_reply,"Jun 28th, 2020 11:00 am",2020-06-28 11:00:00,train
1181,1180,last_reply,"Jun 28th, 2020 10:47 am",2020-06-28 10:47:00,test
1182,1181,last_reply,"Jun 28th, 2020 10:28 am",2020-06-28 10:28:00,test
1183,1182,last_reply,"Jun 28th, 2020 8:58 am",2020-06-28 08:58:00,test
1184,1183,last_reply,"Jun 28th, 2020 8:26 am",2020-06-28 08:26:00,train
1185,1184,last_reply,"Jun 28th, 2020 3:08 am",2020-06-28 03:08:00,train
1186,1185,last_reply,"Jun 28th, 2020 2:40 am",2020-06-28 02:40:00,train
1187,1186,last_reply,"Jun 28th, 2020 12:56 am",2020-06-28 00:56:00,train
1188,1187,last_reply,"Jun 28th, 2020 12:30 am",2020-06-28 00:30:00,train
1189,1188,last_reply,"Jun 27th, 2020 10:22 pm",2020-06-27 22:22:00,test
1190,1189,last_reply,"Jun 27th, 2020 10:17 pm",2020-06-27 22:17:00,test
1191,1190,last_reply,"Jun 27th, 2020 10:17 pm",2020-06-27 22:17:00,test
1192,1191,last_reply,"Jun 27th, 2020 9:57 pm",2020-06-27 21:57:00,train
1193,1192,last_reply,"Jun 27th, 2020 9:40 pm",2020-06-27 21:40:00,train
1194,1193,last_reply,"Jun 27th, 2020 8:53 pm",2020-06-27 20:53:00,train
1195,1194,last_reply,"Jun 27th, 2020 8:12 pm",2020-06-27 20:12:00,train
1196,1195,last_reply,"Jun 27th, 2020 8:08 pm",2020-06-27 20:08:00,train
1197,1196,last_reply,"Jun 27th, 2020 7:51 pm",2020-06-27 19:51:00,train
1198,1197,last_reply,"Jun 27th, 2020 7:02 pm",2020-06-27 19:02:00,train
1199,1198,last_reply,"Jun 27th, 2020 6:59 pm",2020-06-27 18:59:00,train
1200,1199,last_reply,"Jun 27th, 2020 6:34 pm",2020-06-27 18:34:00,train
1201,1200,last_reply,"Jun 27th, 2020 5:38 pm",2020-06-27 17:38:00,train
1202,1201,last_reply,"Jun 27th, 2020 5:34 pm",2020-06-27 17:34:00,train
1203,1202,last_reply,"Jun 27th, 2020 4:52 pm",2020-06-27 16:52:00,train
1204,1203,last_reply,"Jun 27th, 2020 4:41 pm",2020-06-27 16:41:00,train
1205,1204,last_reply,"Jun 27th, 2020 4:33 pm",2020-06-27 16:33:00,train
1206,1205,last_reply,"Jun 27th, 2020 4:08 pm",2020-06-27 16:08:00,test
1207,1206,last_reply,"Jun 27th, 2020 4:06 pm",2020-06-27 16:06:00,train
1208,1207,last_reply,"Jun 27th, 2020 3:23 pm",2020-06-27 15:23:00,train
1209,1208,last_reply,"Jun 27th, 2020 2:18 pm",2020-06-27 14:18:00,test
1210,1209,last_reply,"Jun 27th, 2020 2:11 pm",2020-06-27 14:11:00,test
1211,1210,last_reply,"Jun 27th, 2020 1:34 pm",2020-06-27 13:34:00,train
1212,1211,last_reply,"Jun 27th, 2020 1:23 pm",2020-06-27 13:23:00,train
1213,1212,last_reply,"Jun 27th, 2020 12:38 pm",2020-06-27 12:38:00,test
1214,1213,last_reply,"Jun 27th, 2020 12:27 pm",2020-06-27 12:27:00,train
1215,1214,last_reply,"Jun 27th, 2020 12:19 pm",2020-06-27 12:19:00,train
1216,1215,last_reply,"Jun 27th, 2020 12:15 pm",2020-06-27 12:15:00,train
1217,1216,last_reply,"Jun 27th, 2020 12:13 pm",2020-06-27 12:13:00,train
1218,1217,last_reply,"Jun 27th, 2020 10:30 am",2020-06-27 10:30:00,test
1219,1218,last_reply,"Jun 27th, 2020 10:26 am",2020-06-27 10:26:00,test
1220,1219,last_reply,"Jun 27th, 2020 9:44 am",2020-06-27 09:44:00,train
1221,1220,last_reply,"Jun 27th, 2020 9:18 am",2020-06-27 09:18:00,train
1222,1221,last_reply,"Jun 27th, 2020 9:10 am",2020-06-27 09:10:00,test
1223,1222,last_reply,"Jun 27th, 2020 8:40 am",2020-06-27 08:40:00,train
1224,1223,last_reply,"Jun 27th, 2020 3:25 am",2020-06-27 03:25:00,train
1225,1224,last_reply,"Jun 27th, 2020 3:06 am",2020-06-27 03:06:00,train
1226,1225,last_reply,"Jun 27th, 2020 2:34 am",2020-06-27 02:34:00,test
1227,1226,last_reply,"Jun 27th, 2020 1:32 am",2020-06-27 01:32:00,train
1228,1227,last_reply,"Jun 27th, 2020 1:02 am",2020-06-27 01:02:00,test
1229,1228,last_reply,"Jun 27th, 2020 12:52 am",2020-06-27 00:52:00,train
1230,1229,last_reply,"Jun 27th, 2020 12:11 am",2020-06-27 00:11:00,train
1231,1230,last_reply,"Jun 26th, 2020 11:59 pm",2020-06-26 23:59:00,train
1232,1231,last_reply,"Jun 26th, 2020 11:07 pm",2020-06-26 23:07:00,train
1233,1232,last_reply,"Jun 26th, 2020 9:54 pm",2020-06-26 21:54:00,train
1234,1233,last_reply,"Jun 26th, 2020 9:46 pm",2020-06-26 21:46:00,train
1235,1234,last_reply,"Jun 26th, 2020 9:44 pm",2020-06-26 21:44:00,train
1236,1235,last_reply,"Jun 26th, 2020 8:35 pm",2020-06-26 20:35:00,train
1237,1236,last_reply,"Jun 26th, 2020 8:28 pm",2020-06-26 20:28:00,test
1238,1237,last_reply,"Jun 26th, 2020 8:24 pm",2020-06-26 20:24:00,train
1239,1238,last_reply,"Jun 26th, 2020 8:04 pm",2020-06-26 20:04:00,test
1240,1239,last_reply,"Jun 26th, 2020 8:01 pm",2020-06-26 20:01:00,test
1241,1240,last_reply,"Jun 26th, 2020 7:40 pm",2020-06-26 19:40:00,test
1242,1241,last_reply,"Jun 26th, 2020 7:12 pm",2020-06-26 19:12:00,train
1243,1242,last_reply,"Jun 26th, 2020 5:54 pm",2020-06-26 17:54:00,train
1244,1243,last_reply,"Jun 26th, 2020 5:27 pm",2020-06-26 17:27:00,train
1245,1244,last_reply,"Jun 26th, 2020 5:24 pm",2020-06-26 17:24:00,train
1246,1245,last_reply,"Jun 26th, 2020 5:22 pm",2020-06-26 17:22:00,train
1247,1246,last_reply,"Jun 26th, 2020 5:20 pm",2020-06-26 17:20:00,train
1248,1247,last_reply,"Jun 26th, 2020 5:11 pm",2020-06-26 17:11:00,test
1249,1248,last_reply,"Jun 26th, 2020 5:09 pm",2020-06-26 17:09:00,test
1250,1249,last_reply,"Jun 26th, 2020 5:06 pm",2020-06-26 17:06:00,train
1251,1250,last_reply,"Jun 26th, 2020 5:01 pm",2020-06-26 17:01:00,test
1252,1251,last_reply,"Jun 26th, 2020 4:59 pm",2020-06-26 16:59:00,test
1253,1252,last_reply,"Jun 26th, 2020 4:57 pm",2020-06-26 16:57:00,train
1254,1253,last_reply,"Jun 26th, 2020 4:39 pm",2020-06-26 16:39:00,train
1255,1254,last_reply,"Jun 26th, 2020 4:31 pm",2020-06-26 16:31:00,train
1256,1255,last_reply,"Jun 26th, 2020 4:27 pm",2020-06-26 16:27:00,train
1257,1256,last_reply,"Jun 26th, 2020 4:21 pm",2020-06-26 16:21:00,train
1258,1257,last_reply,"Jun 26th, 2020 4:10 pm",2020-06-26 16:10:00,test
1259,1258,last_reply,"Jun 26th, 2020 4:02 pm",2020-06-26 16:02:00,train
1260,1259,last_reply,"Jun 26th, 2020 3:36 pm",2020-06-26 15:36:00,train
1261,1260,last_reply,"Jun 26th, 2020 3:36 pm",2020-06-26 15:36:00,test
1262,1261,last_reply,"Jun 26th, 2020 3:02 pm",2020-06-26 15:02:00,train
1263,1262,last_reply,"Jun 26th, 2020 2:38 pm",2020-06-26 14:38:00,train
1264,1263,last_reply,"Jun 26th, 2020 2:27 pm",2020-06-26 14:27:00,train
1265,1264,last_reply,"Jun 26th, 2020 2:23 pm",2020-06-26 14:23:00,train
1266,1265,last_reply,"Jun 26th, 2020 2:22 pm",2020-06-26 14:22:00,test
1267,1266,last_reply,"Jun 26th, 2020 2:21 pm",2020-06-26 14:21:00,test
1268,1267,last_reply,"Jun 26th, 2020 2:15 pm",2020-06-26 14:15:00,train
1269,1268,last_reply,"Jun 26th, 2020 2:05 pm",2020-06-26 14:05:00,train
1270,1269,last_reply,"Jun 26th, 2020 2:00 pm",2020-06-26 14:00:00,train
1271,1270,last_reply,"Jun 26th, 2020 1:55 pm",2020-06-26 13:55:00,train
1272,1271,last_reply,"Jun 26th, 2020 1:04 pm",2020-06-26 13:04:00,train
1273,1272,last_reply,"Jun 26th, 2020 12:54 pm",2020-06-26 12:54:00,train
1274,1273,last_reply,"Jun 26th, 2020 12:32 pm",2020-06-26 12:32:00,train
1275,1274,last_reply,"Jun 26th, 2020 12:26 pm",2020-06-26 12:26:00,train
1276,1275,last_reply,"Jun 26th, 2020 12:04 pm",2020-06-26 12:04:00,train
1277,1276,last_reply,"Jun 26th, 2020 11:29 am",2020-06-26 11:29:00,train
1278,1277,last_reply,"Jun 26th, 2020 11:19 am",2020-06-26 11:19:00,train
1279,1278,last_reply,"Jun 26th, 2020 10:33 am",2020-06-26 10:33:00,train
1280,1279,last_reply,"Jun 26th, 2020 10:26 am",2020-06-26 10:26:00,test
1281,1280,last_reply,"Jun 26th, 2020 10:20 am",2020-06-26 10:20:00,train
1282,1281,last_reply,"Jun 26th, 2020 9:49 am",2020-06-26 09:49:00,test
1283,1282,last_reply,"Jun 26th, 2020 9:43 am",2020-06-26 09:43:00,train
1284,1283,last_reply,"Jun 26th, 2020 8:47 am",2020-06-26 08:47:00,test
1285,1284,last_reply,"Jun 26th, 2020 8:40 am",2020-06-26 08:40:00,test
1286,1285,last_reply,"Jun 26th, 2020 8:39 am",2020-06-26 08:39:00,train
1287,1286,last_reply,"Jun 26th, 2020 5:31 am",2020-06-26 05:31:00,test
1288,1287,last_reply,"Jun 26th, 2020 3:21 am",2020-06-26 03:21:00,train
1289,1288,last_reply,"Jun 26th, 2020 1:11 am",2020-06-26 01:11:00,train
1290,1289,last_reply,"Jun 26th, 2020 12:30 am",2020-06-26 00:30:00,test
1291,1290,last_reply,"Jun 26th, 2020 12:17 am",2020-06-26 00:17:00,train
1292,1291,last_reply,"Jun 25th, 2020 11:59 pm",2020-06-25 23:59:00,train
1293,1292,last_reply,"Jun 25th, 2020 11:02 pm",2020-06-25 23:02:00,train
1294,1293,last_reply,"Jun 25th, 2020 11:01 pm",2020-06-25 23:01:00,train
1295,1294,last_reply,"Jun 25th, 2020 9:20 pm",2020-06-25 21:20:00,test
1296,1295,last_reply,"Jun 25th, 2020 8:51 pm",2020-06-25 20:51:00,train
1297,1296,last_reply,"Jun 25th, 2020 8:49 pm",2020-06-25 20:49:00,train
1298,1297,last_reply,"Jun 25th, 2020 8:43 pm",2020-06-25 20:43:00,train
1299,1298,last_reply,"Jun 25th, 2020 8:15 pm",2020-06-25 20:15:00,train
1300,1299,last_reply,"Jun 25th, 2020 8:00 pm",2020-06-25 20:00:00,train
1301,1300,last_reply,"Jun 25th, 2020 7:47 pm",2020-06-25 19:47:00,train
1302,1301,last_reply,"Jun 25th, 2020 7:45 pm",2020-06-25 19:45:00,train
1303,1302,last_reply,"Jun 25th, 2020 7:44 pm",2020-06-25 19:44:00,train
1304,1303,last_reply,"Jun 25th, 2020 7:20 pm",2020-06-25 19:20:00,train
1305,1304,last_reply,"Jun 25th, 2020 7:11 pm",2020-06-25 19:11:00,train
1306,1305,last_reply,"Jun 25th, 2020 7:05 pm",2020-06-25 19:05:00,test
1307,1306,last_reply,"Jun 25th, 2020 6:56 pm",2020-06-25 18:56:00,train
1308,1307,last_reply,"Jun 25th, 2020 6:50 pm",2020-06-25 18:50:00,train
1309,1308,last_reply,"Jun 25th, 2020 6:20 pm",2020-06-25 18:20:00,test
1310,1309,last_reply,"Jun 25th, 2020 5:20 pm",2020-06-25 17:20:00,test
1311,1310,last_reply,"Jun 25th, 2020 5:20 pm",2020-06-25 17:20:00,train
1312,1311,last_reply,"Jun 25th, 2020 5:17 pm",2020-06-25 17:17:00,train
1313,1312,last_reply,"Jun 25th, 2020 5:07 pm",2020-06-25 17:07:00,test
1314,1313,last_reply,"Jun 25th, 2020 5:07 pm",2020-06-25 17:07:00,train
1315,1314,last_reply,"Jun 25th, 2020 4:53 pm",2020-06-25 16:53:00,train
1316,1315,last_reply,"Jun 25th, 2020 4:47 pm",2020-06-25 16:47:00,train
1317,1316,last_reply,"Jun 25th, 2020 4:45 pm",2020-06-25 16:45:00,train
1318,1317,last_reply,"Jun 25th, 2020 4:26 pm",2020-06-25 16:26:00,test
1319,1318,last_reply,"Jun 25th, 2020 3:57 pm",2020-06-25 15:57:00,test
1320,1319,last_reply,"Jun 25th, 2020 2:58 pm",2020-06-25 14:58:00,train
1321,1320,last_reply,"Jun 25th, 2020 2:39 pm",2020-06-25 14:39:00,train
1322,1321,last_reply,"Jun 25th, 2020 2:06 pm",2020-06-25 14:06:00,train
1323,1322,last_reply,"Jun 13th, 2020 6:38 pm",2020-06-13 18:38:00,test
1324,1323,last_reply,"Apr 22nd, 2020 10:58 pm",2020-04-22 22:58:00,test
1325,1324,last_reply,"Dec 25th, 2019 3:00 pm",2019-12-25 15:00:00,test
